category,field,subfield,detail,year,question,answer,choice1,choice2,choice3,choice4,time_limit,commentary
応用情報技術者試験,テクノロジ系,基礎理論,基礎理論,2025,"<p>A, B, C, D を論理変数とするとき、次のカルノー図と等価な論理式はどれか。ここで、・は論理積,+は論理和、-XはXの否定を表す。</p><img src='/images/2025r07a_ap_am_qs_1.png' alt='表' style='width: 100%; max-width: 400px; display: block; margin: 1em auto;'>",エ,ア,イ,ウ,エ,300,""
応用情報技術者試験,テクノロジ系,基礎理論,基礎理論,2025,"コンピュータによる伝票処理システムがある。このシステムは、伝票データをためる待ち行列をもち、 M/M/1の待ち行列モデルが適用できるものとする。平均待ち時間がT秒以上となるのは、システムの利用率が少なくとも何%以上となったときか。ここで、伝票データをためる待ち行列の特徴は次のとおりである。
・伝票データは、ポアソン分布に従って到着する。
・伝票データをためる数に制限はない。
・1件の伝票データの処理時間は、平均T秒の指数分布に従う。","50","33","50","67","80",300,""
応用情報技術者試験,テクノロジ系,基礎理論,基礎理論,2025,"AIにおける機械学習において、2クラス分類モデルの評価方法の一つである ROC曲線で用いられる偽陽性率の説明として、最も適切なものはどれか。ここで、分類されるデータには正しいものと間違っているものが含まれるものとする。","実際に“間違い”であるデータに対し、誤って“正しい”と予測したデータの割合","“間違い”と予測したデータのうち、実際は“正しい” データの割合","実際に“間違い”であるデータに対し、誤って“正しい”と予測したデータの割合","実際に“間違い”であるデータに対し、正しく“間違い”と予測したデータの割合","全データのうち、実際に正しく予測できなかったデータの割合",60,""
応用情報技術者試験,テクノロジ系,基礎理論,基礎理論,2025,"誤り検出方式である CRC に関する記述として、適切なものはどれか。","送信側では、生成多項式を用いて検査対象のデータから検査用のデータを作り、これを検査対象のデータに付けて送信する。","検査用のデータは、検査対象のデータを生成多項式で処理して得られる1ビットの値である。","受信側では、付加されてきた検査用のデータで検査対象のデータを割り、余りがなければ送信が正しかったと判断する。","送信側では、生成多項式を用いて検査対象のデータから検査用のデータを作り、これを検査対象のデータに付けて送信する。","送信側と受信側では、異なる生成多項式が用いられる。",60,""
応用情報技術者試験,テクノロジ系,基礎理論,アルゴリズムとプログラミング,2025,"記憶領域を管理するアルゴリズムのうち、ベストフィット方式の特徴として、適切なものはどれか。","空きブロック群のうち、要求された大きさを満たす最小のものを割り当てるので、最終的には小さな空きブロックが多数残る傾向にある。","空きブロック群のうち、アドレスが下位のブロックを高い頻度で使用するので、アドレスが上位の方に大きな空きブロックが残る傾向にある。","空きブロック群のうち、要求された大きさを満たす最小のものを割り当てるので、最終的には小さな空きブロックが多数残る傾向にある。","空きブロックの検索にハッシュ関数を使用しているので、高速に検索することができる。","空きブロックをアドレスの昇順に管理しているので、隣接する空きブロックを簡単に見つけられ、より大きな空きブロックにまとめることができる。",60,""
応用情報技術者試験,テクノロジ系,基礎理論,アルゴリズムとプログラミング,2025,"異なるn個のデータが昇順に整列された表がある。この表をm個のデータごとのブロックに分割し、各ブロックの最後尾のデータだけを線形探索することによって、目的のデータの存在するブロックを探し出す。次に、当該ブロック内を線形探索して目的のデータを探し出す。このときの平均比較回数を表す式はどれか。ここで、mは十分に大きく、nはmの倍数とし、目的のデータは必ず表の中に存在するものとする。","m/2 + n/(2m)","m + n/m","m/2 + n/(2m)","n/m","n/(2m)",300,""
応用情報技術者試験,テクノロジ系,基礎理論,アルゴリズムとプログラミング,2025,"OSSとして公開されているプログラム言語である Scalaの特徴はどれか。","オブジェクト指向プログラミングと関数型プログラミングの両方が可能である。","オブジェクト指向プログラミングと関数型プログラミングの両方が可能である。","クラスの多重継承が可能である。","実行前にコンパイルして、ネイティブコードを生成する必要がある。","変数の型が、参照する実際の値によって実行時に決定される動的型付け言語である。",60,""
応用情報技術者試験,テクノロジ系,コンピュータシステム,コンピュータ構成要素,2025,"プロセッサの高速化技法の一つとして、同時に実行可能な複数の動作を、コンパイルの段階でまとめて一つの複合命令とし、高速化を図る方式はどれか。","VLIW","CISC","MIMD","RISC","VLIW",60,""
応用情報技術者試験,テクノロジ系,コンピュータシステム,コンピュータ構成要素,2025,"画面表示用フレームバッファがユニファイドメモリ方式であるシステムの特徴はどれか。","主記憶の一部を表示領域として使用する。","主記憶とは別に専用のフレームバッファをもつ。","主記憶の一部を表示領域として使用する。","シリアル接続した表示デバイスに、描画コマンドを用いて表示する。","表示リフレッシュが不要である。",60,""
応用情報技術者試験,テクノロジ系,基礎理論,基礎理論,2025,"<p>モーターの軸に装着された回転センサーから出力されるパルスの周期を、1MHz のクロック周波数でカウントアップするタイマーで計測したところ、10,000 カウントであった。モーターの回転数は毎秒何回転か。ここで、回転センサーはモーターの軸が1回転するごとに図のようなパルスを2回出力するものとする。</p><img src='/images/2025r07a_ap_am_qs_10.png' alt='図' style='width: 100%; max-width: 400px; display: block; margin: 1em auto;'>","50","50","100","200","5,000",300,""
応用情報技術者試験,テクノロジ系,コンピュータシステム,システム構成要素,2025,"<p>現状の HPC (High Performance Computing) マシンの構成を、次の条件で更新することにした。更新後の、ノード数と総理論ピーク演算性能はどれか。ここで、総理論ピーク演算性能は、コア数に比例するものとする。
[現状の構成]
(1)一つのコアの理論ピーク演算性能は 10 GFLOPSである。
(2)一つのノードのコア数は8である。
(3)ノード数は1,000である。
[更新条件]
(1)一つのコアの理論ピーク演算性能を現状の2倍にする。
(2)一つのノードのコア数を現状の2倍にする。
(3)総コア数を現状の4倍にする。</p><img src='/images/2025r07a_ap_am_qs_11.png' alt='表' style='width: 100%; max-width: 400px; display: block; margin: 1em auto;'>",イ,ア,イ,ウ,エ,300,""
応用情報技術者試験,テクノロジ系,コンピュータシステム,システム構成要素,2025,"IaC (Infrastructure as Code) の説明として、適切なものはどれか。","システムの構成、設定などをプログラムとして記述し、専用のソフトウェアがその内容に従って自動的にシステムに適用する。","OS, 仮想化ソフトなどが何もインストールされていない、初期状態のサーバである。","サーバなどの新規利用申請があった場合に、資源の割当て、設定などを手動で行い、利用可能な状態にする。","システムの構成、設定などをプログラムとして記述し、専用のソフトウェアがその内容に従って自動的にシステムに適用する。","利用者は、OS, アプリケーションなどの任意のソフトウェアをインフラストラクチャに手動で実装し、操作することができる。",60,""
応用情報技術者試験,テクノロジ系,コンピュータシステム,システム構成要素,2025,"コンピュータシステムの信頼性に関する記述のうち、適切なものはどれか。","MTBF / (MTBF+MTTR) は、システムが稼働している時間の割合を表す。","MTBF / (MTBF+MTTR) は、システムが稼働している時間の割合を表す。","MTBF-MTTRは、システムが正常であった時間を表す。","MTBFは、正常なシステムが運用を開始してから初めて故障が起きるまでの時間を表す。","MTTRは、システムの故障が回復した時点から次に故障が起きるまでの平均時間を表す。",60,""
応用情報技術者試験,テクノロジ系,コンピュータシステム,システム構成要素,2025,"キャパシティプランニングの目的の一つに関する記述のうち、最も適切なものはどれか。","システムの現在の応答時間を調査して、長期的に監視することによって、将来を含めて応答時間を維持することである。","応答時間に最も影響があるボトルネックだけに着目して、適切な変更を行うことによって、そのボトルネックの影響を低減又は排除することである。","システムの現在の応答時間を調査して、長期的に監視することによって、将来を含めて応答時間を維持することである。","ソフトウェアとハードウェアをチューニングして、現状の処理能力を最大限に引き出して、スループットを向上させることである。","パフォーマンスの問題はリソースの過剰使用によって発生するので、特定のリソースの有効利用を向上させることである。",60,""
応用情報技術者試験,テクノロジ系,コンピュータシステム,ソフトウェア,2025,"<p>五つのジョブA~Eに対して、ジョブの多重度が1で、処理時間順方式のスケジューリングを適用した場合、ジョブBのターンアラウンドタイムは何秒か。ここで、OSのオーバーヘッドは考慮しないものとする。</p><img src='/images/2025r07a_ap_am_qs_15.png' alt='表' style='width: 100%; max-width: 400px; display: block; margin: 1em auto;'>","11","8","9","10","11",300,""
応用情報技術者試験,テクノロジ系,コンピュータシステム,ソフトウェア,2025,"一つの(I^2)C バスに接続された二つのセンサーがある。それぞれのセンサー値を読み込む二つのタスクを排他的に制御したい。利用するリアルタイム OS の機能として、適切なものはどれか。","セマフォ","キュー","セマフォ","マルチスレッド","メモリプール",60,""
応用情報技術者試験,テクノロジ系,コンピュータシステム,ソフトウェア,2025,"スレッドセーフの説明として、適切なものはどれか。","アプリケーションを複数のスレッドで並列に実行しても、問題が生じない。","アプリケーションが複数のスレッドから呼び出されないようになっている。","アプリケーションを複数のスレッドではなく、単一のスレッドで動作させる。","アプリケーションを複数のスレッドで並列に実行しても、問題が生じない。","スレッドの競合が発生したときに、アプリケーションを安全に停止させる。",60,""
応用情報技術者試験,テクノロジ系,コンピュータシステム,ソフトウェア,2025,"二つのタスクが共用する二つの資源を排他的に使用するとき、デッドロックが発生するおそれがある。このデッドロックの発生を防ぐ方法はどれか。","資源獲得の順序を両方のタスクで同じにする。","一方のタスクの優先度を高くする。","資源獲得の順序を両方のタスクで同じにする。","資源獲得の順序を両方のタスクで逆にする。","両方のタスクの優先度を同じにする。",60,""
応用情報技術者試験,テクノロジ系,コンピュータシステム,ソフトウェア,2025,"<p>4 ブロックのキャッシュメモリ CO~C3 が表に示す状態である。ここで、新たに別のブロックの内容をキャッシュメモリにロードする必要が生じたとき、C2 のブロックを置換の対象とするアルゴリズムはどれか。</p><img src='/images/2025r07a_ap_am_qs_19.png' alt='表' style='width: 100%; max-width: 400px; display: block; margin: 1em auto;'>","LRU","FIFO","LFU","LIFO","LRU",60,""
応用情報技術者試験,テクノロジ系,コンピュータシステム,ハードウェア,2025,"<p>図のLED 点灯回路において、LEDに10ミリ Aの電流が流れるように抵抗値を決定したときに、回路全体の消費電力に占めるLEDの消費電力の割合は何%か。ここで、LED の順方向電圧は2Vとし、電源の消費電力は無視するものとする。</p><img src='/images/2025r07a_ap_am_qs_20.png' alt='表' style='width: 100%; max-width: 400px; display: block; margin: 1em auto;'>","20","20","25","80","100",300,""
応用情報技術者試験,テクノロジ系,コンピュータシステム,ハードウェア,2025,"組込みシステムのプログラムで、放された状態では0になり、押された状態では1になるスイッチの値を読み込んでいる。aが今回の値で、bが前回の値とする。このスイッチが放された状態から押された状態に変化したことを検出するための論理式はどれか。ここで、“・”は論理積,“+”は論理和、“(否定)”は論理否定を表す。","a・(bの否定)","a・(bの否定)","(aの否定)・b","a + (bの否定)","(aの否定) + b",60,""
応用情報技術者試験,テクノロジ系,コンピュータシステム,ハードウェア,2025,"<p>入力がAとB、出力がYの論理回路を動作させたとき、図のタイミングチャートが得られた。この論理回路として、適切なものはどれか。</p><img src='/images/2025r07a_ap_am_qs_22.png' alt='図' style='width: 100%; max-width: 400px; display: block; margin: 1em auto;'>",ウ,ア,イ,ウ,エ,60,""
応用情報技術者試験,テクノロジ系,コンピュータシステム,ハードウェア,2025,"16 ビットのダウンカウンターを用い、カウンターの値が0になると割込みを発生するハードウェアタイマーがある。カウンターに初期値として10進数の150 をセットしてタイマーをスタートすると、最初の割込みが発生するまでの時間は何マイクロ秒か。ここで、タイマーの入力クロック周波数は16MHzを32分周したものとする。","300","0.3","2","150","300",300,""
応用情報技術者試験,テクノロジ系,技術要素,ユーザーインターフェース,2025,"画面サイズの制約によって、レイアウト上、常にメニューを表示しておくことが難しいときに使用する仕組みであって、三本線のアイコンを選択するとメニューが表示されるものはどれか。","ハンバーガーメニュー","アコーディオンメニュー","ドロップダウンメニュー","ハンバーガーメニュー","ポップアップメニュー",60,""
応用情報技術者試験,テクノロジ系,基礎理論,基礎理論,2025,"0kHz~20kHz の帯域幅のオーディオ信号をデジタル信号に変換するのに必要な最大のサンプリング周期を標本化定理によって求めると、何マイクロ秒か。","25","2.5","5","25","50",300,""
応用情報技術者試験,テクノロジ系,技術要素,データベース,2025,"BASE 特性を満たし、次の特徴をもつ NoSQL データベースシステムに関する記述のうち、適切なものはどれか。
[NoSQLデータベースシステムの特徴]
・ネットワーク上に分散した複数のノードから構成される。
・一つのノードでデータを更新した後、他の全てのノードにその更新を反映する。","データの更新結果は、システムに障害がなければ、いつかは全てのノードに反映される。","クライアントからの更新要求を2相コミットによって全てのノードに反映する。","データの更新結果は、システムに障害がなければ、いつかは全てのノードに反映される。","同一の主キーの値による同時の参照要求に対し、全てのノードは同じ結果を返す。","ノード間のネットワークが分断されると、クライアントからの処理要求を受け付けなくなる。",60,""
応用情報技術者試験,テクノロジ系,技術要素,データベース,2025,"“売上”表への次の検索処理のうち、B 木インデックスよりもハッシュインデックスを設定した方が適切なものはどれか。ここで、インデックスを設定する列を＜＞内に示す。
売上（伝票番号、売上年月日、商品名、利用者ID、店舗番号、売上金額）","利用者ID が '1001' の売上を検索する。＜利用者ID＞","売上金額が1万円以上の売上を検索する。＜売上金額＞","売上年月日が今月の売上を検索する。＜売上年月日＞","商品名が 'DB' で始まる売上を検索する。＜商品名＞","利用者ID が '1001' の売上を検索する。＜利用者ID＞",60,""
応用情報技術者試験,テクノロジ系,技術要素,データベース,2025,"関係データベースのビューに関する記述のうち、適切なものはどれか。","ビューの列名は、基の表の列名と異なる名称で定義することができる。","ビューの列名は、基の表の列名と異なる名称で定義することができる。","ビューは、基の表から指定した列を抜き出すように定義するものであり、行を抜き出すように定義することはできない。","二つ以上の表の結合によって定義されたビューは、結合の仕方によらず更新操作ができる。","和両立な二つの表に対し、和集合演算を用いてビューを定義することはできない。",60,""
応用情報技術者試験,テクノロジ系,技術要素,データベース,2025,"RDBMS において、同じデータ項目の異なる版を用意することによって、トランザクションの同時実行性を高める仕組みはどれか。","MVCC","2相ロッキングプロトコル","MVCC","WAL プロトコル","共有ロック",60,""
応用情報技術者試験,テクノロジ系,技術要素,ネットワーク,2025,"100M ビット/秒のLANと1G ビット/秒のLANがある。ヘッダーを含めて1,250バイトのパケットをN個送信するときに、100M ビット/秒のLAN の送信時間が1Gビット/秒のLAN より 9ミリ秒多く掛かった。Nは幾らか。ここで、パケット送信間隔は1ミリ秒とし、送信時間に含める。","100","10","80","100","800",300,""
応用情報技術者試験,テクノロジ系,技術要素,ネットワーク,2025,"リバースプロキシの説明として、適切なものはどれか。","インターネットから内部ネットワークの公開 Web サーバへの通信を、中継するために利用される。","インターネットから内部ネットワークの公開 Web サーバへの通信を、中継するために利用される。","インターネットと内部ネットワークとの通信を監視し、インターネットからの攻撃を検知するための技術である。","仮想的な専用ネットワークを確立するための技術である。","内部ネットワークのPCからインターネットへの通信を、中継するために利用される。",60,""
応用情報技術者試験,テクノロジ系,技術要素,ネットワーク,2025,"IPv4のアドレス割当てを行う際に、クラスA~Cといった区分にとらわれずに、ネットワークアドレス部とホストアドレス部を任意のブロック単位に区切り、IP アドレスを無駄なく効率的に割り当てる方式はどれか。","CIDR","CIDR","DHCP","DNS","NAPT",60,""
応用情報技術者試験,テクノロジ系,技術要素,ネットワーク,2025,"UDP のヘッダーフィールドにはないが、TCP のヘッダーフィールドには含まれる情報はどれか。","シーケンス番号","宛先ポート番号","シーケンス番号","送信元ポート番号","チェックサム",60,""
応用情報技術者試験,テクノロジ系,技術要素,ネットワーク,2025,"複数台のレイヤー2 スイッチで構成されるネットワークが複数の経路をもつ場合に、イーサネットフレームのループが発生することがある。そのループの発生を防ぐためのTCP/IP ネットワークインタフェース層のプロトコルはどれか。","スパニングツリープロトコル","IGMP","RIP","SIP","スパニングツリープロトコル",60,""
応用情報技術者試験,テクノロジ系,技術要素,ネットワーク,2025,"ビット誤り率が0.0001%の回線を使って、1,500バイトのパケットを10,000個送信するとき、誤りが含まれるパケットの個数の期待値はおよそ幾らか。","120","10","15","80","120",300,""
応用情報技術者試験,テクノロジ系,技術要素,セキュリティ,2025,"サイバー攻撃の攻撃段階をモデル化したサイバーキルチェーンにおいて、“エクスプロイト”に該当する行為はどれか。","標的とする組織のPCでOSの脆弱性を悪用し、攻撃ツールを実行させる。","公開情報の閲覧、顧客を装った電子メールでの問合せなどを行い、標的とする組織を調査する。","標的とする組織のPCでOSの脆弱性を悪用し、攻撃ツールを実行させる。","標的とする組織のサーバから秘密情報を窃取し、攻撃者が用意したサーバに送信する。","標的とする組織の従業員にマルウェアを添付した電子メールを送りつける。",60,""
応用情報技術者試験,テクノロジ系,技術要素,セキュリティ,2025,"デジタル署名が付与されたソフトウェアをインストールするときに、そのソフトウェアの発行元を確認するために使用する証明書はどれか。","コードサイニング証明書","EV SSL証明書","クライアント証明書","コードサイニング証明書","サーバ証明書",60,""
応用情報技術者試験,テクノロジ系,技術要素,セキュリティ,2025,"サイドチャネル攻撃はどれか。","暗号化処理時における暗号化装置の消費電力などの測定や統計処理によって,当該装置内部の秘密情報を推定する攻撃","暗号化処理時における暗号化装置の消費電力などの測定や統計処理によって,当該装置内部の秘密情報を推定する攻撃","攻撃者が任意に選択した平文とその平文に対応した暗号文から数学的手法を用いて暗号鍵を推測し、同じ暗号鍵を用いて作成された暗号文を解読する攻撃","操作中の人の横から、入力操作の内容を観察することによって、利用者 IDとパスワードを盗み取る攻撃","無線LANのアクセスポイントを不正に設置し、チャネル間の干渉を発生させることによって、通信を妨害する攻撃",60,""
応用情報技術者試験,テクノロジ系,技術要素,セキュリティ,2025,"CRL に関する記述のうち、適切なものはどれか。","認証局は、有効期限内のデジタル証明書が失効されたとき、そのシリアル番号を CRL に記載する。","RFC 5280では、認証局は、発行したデジタル証明書のうち失効したものについては、シリアル番号を失効後1年間CRLに記載するよう義務付けている。","Web サイトの利用者の Web ブラウザは、そのWebサイトにサーバ証明書を発行した認証局の公開鍵が Web ブラウザに組み込まれていれば、CRL を参照しなくてもよい。","認証局は、発行した全てのデジタル証明書の有効期限を CRLに記載する。","認証局は、有効期限内のデジタル証明書が失効されたとき、そのシリアル番号を CRL に記載する。",60,""
応用情報技術者試験,テクノロジ系,技術要素,セキュリティ,2025,"ある組織ではCSIRTとPSIRT が設置されている。セキュリティインシデントのうち、PSIRT が対応するものはどれか。","組織が顧客に販売した製品とその利用において発生したセキュリティインシデント","組織が顧客に販売した製品とその利用において発生したセキュリティインシデント","組織が製品の在庫を管理するシステムにおいて発生したセキュリティインシデント","組織が製品の販売を管理するシステムにおいて発生したセキュリティインシデント","組織の従業員の個人情報を管理するシステムにおいて発生したセキュリティインシデント",60,""
応用情報技術者試験,テクノロジ系,技術要素,セキュリティ,2025,"JIS Q 27000:2019 における真正性及び信頼性に対する定義a~dの組みのうち、適切なものはどれか。
[定義]
a: 意図する行動と結果とが一貫しているという特性
b: エンティティは、それが主張するとおりのものであるという特性
c: 認可されたエンティティが要求したときに、アクセス及び使用が可能であるという特性
d: 認可されていない個人、エンティティ又はプロセスに対して、情報を使用させず、また、開示しないという特性","真正性:b, 信頼性:a","真正性:b, 信頼性:a","真正性:b, 信頼性:c","真正性:d, 信頼性:a","真正性:d, 信頼性:c",60,""
応用情報技術者試験,テクノロジ系,技術要素,セキュリティ,2025,"CSPM (Cloud Security Posture Management) はどれか。","クラウドサービスにおける情報漏えいなどのリスクを低減するために、設定の監視を行ったり、自動的に不備を修正したりするサービス","クラウドサービスにおける情報漏えいなどのリスクを低減するために、設定の監視を行ったり、自動的に不備を修正したりするサービス","従業員からの情報セキュリティマネジメントシステムに関する問合せに応じ、必要な支援を行うクラウドサービス","従業員によるインターネット上の SaaS の利用状況を可視化することによって、ポリシー違反を検出し、接続制限を行うサービス","ファイアウォール、マルウェア検知などのセキュリティ機能を統合し、パッケージとして提供するクラウドサービス",60,""
応用情報技術者試験,テクノロジ系,技術要素,セキュリティ,2025,"脆弱性検査で、ホストに対してポートスキャンを行う。スキャンしたポートの状態を判定する方法のうち、適切なものはどれか。","ポートに UDP パケットを送信してメッセージ “ICMP port unreachable” を受信したとき、対象ポートが閉じていると判定する。","ポートに SYN パケットを送信して “RST/ACK"" パケットを受信したとき、接続要求が許可されたと判定する。","ポートに SYN パケットを送信して “SYN/ACK” パケットを受信したとき、接続要求が中断又は拒否されたと判定する。","ポートに UDP パケットを送信してメッセージ “ICMP port unreachable” を受信したとき、対象ポートが閉じていると判定する。","ポートに UDP パケットを送信してメッセージ “ICMP port unreachable” を受信したとき、対象ポートが開いていると判定する。",60,""
応用情報技術者試験,テクノロジ系,技術要素,セキュリティ,2025,"デジタルフォレンジックスの手順は収集,検査,分析及び報告から成る。このとき、デジタルフォレンジックスの手順に含まれるものはどれか。","サーバのハードディスクを解析し、削除されたログファイルを復元することによって、不正アクセスの痕跡を発見する。","サーバとネットワーク機器のログをログ管理サーバに集約し、リアルタイムに相関分析することによって、不正アクセスを検出する。","サーバのハードディスクを解析し、削除されたログファイルを復元することによって、不正アクセスの痕跡を発見する。","電子メールを外部に送る際に、本文及び添付ファイルを暗号化することによって、情報漏えいを防ぐ。","プログラムを実行する際に、プログラムファイルのハッシュ値と脅威情報とを突き合わせることによって、プログラムがマルウェアかどうかを検査する。",60,""
応用情報技術者試験,テクノロジ系,技術要素,セキュリティ,2025,"電子メールの送信時に、送信側メールサーバでデジタル署名を電子メールヘッダーに付与し、受信側メールサーバでそれを検証することで、送信元ドメインのなりすましや電子メールの改ざんを検知できる技術はどれか。","DKIM","DKIM","OP25B","S/MIME","SPF",60,""
応用情報技術者試験,テクノロジ系,開発技術,システム開発技術,2025,"ソフトウェアの要件定義における利用者の分析で活用される、ソフトウェアの利用者を役割ごとに典型的な姿として描いた仮想の人物を何と呼ぶか。","ペルソナ","エピック","ステークホルダ","プロダクトオーナー","ペルソナ",60,""
応用情報技術者試験,テクノロジ系,開発技術,システム開発技術,2025,"UMLのダイアグラムのうち、インスタンス間の関係を表現するものはどれか。","オブジェクト図","アクティビティ図","オブジェクト図","コンポーネント図","ユースケース図",60,""
応用情報技術者試験,テクノロジ系,開発技術,システム開発技術,2025,"エラー埋込み法を用いて残存エラー数を推定する。当初の埋込みエラーは 48個である。テスト期間中に発見されたエラーの内訳は、埋込みエラーが36個、真のエラーが42個である。このとき、残存する真のエラーは何個と推定されるか。","14","6","14","54","56",300,""
応用情報技術者試験,テクノロジ系,開発技術,ソフトウェア開発管理技術,2025,"Web アプリケーションソフトウェアの処理方式の説明のうち、“プログレッシブ Web アプリ”の説明として、適切なものはどれか。","ブラウザが実行するサービスワーカーの機能を用いて、Webアプリケーションをオフラインで起動させたり、バックグラウンドでデータを同期させたりして、ネイティブアプリケーションであるかのようにWebアプリケーションを使えるようにする。","Web サーバ上に実行可能なプログラムを用意し, Web ブラウザからの要求に応じて、Web サーバがそのプログラムを呼び出し、処理結果を Web ブラウザに送信する。","Web ページの要素にその意味を表すメタデータを付加することによって、コンピュータが自動的にWeb ページの情報の収集や加工を行えるようにする。","新しいWeb サービスを、他のサービスが公開する WebAPI の機能を組み合わせることによって提供する。","ブラウザが実行するサービスワーカーの機能を用いて、Webアプリケーションをオフラインで起動させたり、バックグラウンドでデータを同期させたりして、ネイティブアプリケーションであるかのようにWebアプリケーションを使えるようにする。",60,""
応用情報技術者試験,テクノロジ系,開発技術,ソフトウェア開発管理技術,2025,"委託元への著作権の移転に関する条項を含むソフトウェア開発委託契約書に、“委託先は著作者人格権を行使しない”という記載があった。これはどのような問題の発生を防ぐためのものか。","納品されたソフトウェアを委託先の了解なく委託元で修正できなくなること、又は他の会社に修正を依頼できなくなることを防ぐ。","委託先で当該ソフトウェアを開発した開発者が、技術者倫理に関しての責任を負わなくなることを防ぐ。","委託先で当該ソフトウェアを開発した開発者を、委託元が後で雇用できなくなることを防ぐ。","納品されたソフトウェアに不具合が発見された場合に、委託先が金銭的補償を負わなくなることを防ぐ。","納品されたソフトウェアを委託先の了解なく委託元で修正できなくなること、又は他の会社に修正を依頼できなくなることを防ぐ。",60,""
応用情報技術者試験,マネジメント系,プロジェクトマネジメント,プロジェクトマネジメント,2025,"プロジェクトマネジメントにおいて、スコープを対象とするプロセスを集めた対象群“スコープ”に含まれるプロセスはどれか。","WBSの作成","WBSの作成","活動期間の見積り","コストの見積り","予算の作成",60,""
応用情報技術者試験,マネジメント系,プロジェクトマネジメント,プロジェクトマネジメント,2025,"チームの発展段階を五つに区分したタックマンモデルによれば、メンバーの異なる考え方や価値観が明確になり、メンバーがそれぞれの意見を主張し合う段階はどれか。","動乱期(Storming)","安定期 (Norming)","遂行期 (Performing)","成立期 (Forming)","動乱期(Storming)",60,""
応用情報技術者試験,マネジメント系,プロジェクトマネジメント,プロジェクトマネジメント,2025,"あるプロジェクトは4月から9月までの6か月間で開発を進めており、現在のメンバー全員が9月末まで作業すれば完了する見込みである。しかし、他のプロジェクトで発生した緊急の案件に対応するために、8月初めから、4人のメンバーがプロジェクトから外れることになった。9月末に予定どおり開発を完了させるために、7月の半ばからメンバーを増員する。条件に従うとき、人件費は何万円増加するか。
[条件]
・元のメンバーと増員するメンバーの、プロジェクトにおける生産性は等しい。
・7月の半ばから7月末までの0.5か月間、元のメンバー4人から増員するメンバーに引継ぎを行う。
・引継ぎの期間中は、元のメンバー4人と増員するメンバーはプロジェクトの開発作業を実施しないが、人件費は全額をこのプロジェクトに計上する。
・人件費は、1人月当たり100万円とする。","450","200","250","450","700",300,""
応用情報技術者試験,マネジメント系,プロジェクトマネジメント,プロジェクトマネジメント,2025,"<p>自動生産システムの増強に関するデシジョンツリーにおいて、新規にシステムを開発する場合の期待金額価値 (EMV) は何億円か。</p><img src='/images/2025r07a_ap_am_qs_54.png' alt='図' style='width: 100%; max-width: 400px; display: block; margin: 1em auto;'>","14","14","20","26","64",300,""
応用情報技術者試験,マネジメント系,サービスマネジメント,サービスマネジメント,2025,"サービスマネジメントのサービス可用性管理において、インシデント又は将来インシデントとなる可能性のある事象について、その発生経路及び発生原因を分析し、発生確率の算出に使用できる技法はどれか。","故障の木解析(FTA)","故障の木解析(FTA)","故障モード・影響解析 (FMEA)","コンポーネント障害インパクト分析 (CFIA)","単一障害点分析(SPOF分析)",60,""
応用情報技術者試験,マネジメント系,サービスマネジメント,サービスマネジメント,2025,"サービスマネジメントにおける問題管理の活動はどれか。","根本原因の特定","根本原因の特定","サービス要求の優先度付け","変更要求の記録","リリースの検証",60,""
応用情報技術者試験,マネジメント系,サービスマネジメント,サービスマネジメント,2025,"生成 AI の処理などで用いられる、大量に発熱する GPUを搭載したサーバを、空気冷却よりも少ない消費電力で効率良く冷却できる液体冷却の一つに液浸冷却がある。液体冷却の方法の説明のうちで、液浸冷却の方法の説明に該当するものの組みはどれか。
[液体冷却の方法の説明]
a: 液体を循環させて熱交換器で冷やす単相冷却と、気化熱を利用する二相冷却がある。
b: サーバを取り付けた金属板と熱交換してサーバを冷却する。
c: サーバを筐体ごと液体に漬けで冷却する。
d: 冷媒となる液体として通常は水を使用する。","a, c","a, b","a, c","b, d","c, d",60,""
応用情報技術者試験,マネジメント系,サービスマネジメント,システム監査,2025,"システム監査基準(令和5年) において、システム監査で使用される用語の説明として、適切なものはどれか。","独立性とは、第三者から不当な影響や圧力等を受けていない状態のことである。","所見とは、他の標準的な監査人が監査を実施した場合であっても同じ検証結果を得られることである。","正当な懐疑心とは、客観性の保持という精神的な態度を堅持できることである。","正当な注意とは、監査で発見したことに基づく考えや意見のことである。","独立性とは、第三者から不当な影響や圧力等を受けていない状態のことである。",60,""
応用情報技術者試験,マネジメント系,サービスマネジメント,システム監査,2025,"システム監査報告書の改善提案に対し、システム監査人が行うフォローアップとして、適切なものはどれか。","改善提案に対する監査対象部門の改善状況をモニタリングする。","改善提案に対する改善の実施を監査対象部門の長に指示する。","改善提案に対する監査対象部門の改善実施プロジェクトの管理を行う。","改善提案に対する監査対象部門の改善状況をモニタリングする。","改善提案の内容を監査対象部門に示した上で改善計画を策定する。",60,""
応用情報技術者試験,マネジメント系,サービスマネジメント,システム監査,2025,"システム監査基準(令和5年)に従い、監査目的に基づいて、ガバナンス、マネジメント、コントロールの視点から検証・評価を行う。“コントロールの視点”から行う項目はどれか。","異常なアクセスを検出した際に適時に対処及び報告がなされているか。","IT投資の結果が適切なリターンを生んでいるか。","異常なアクセスを検出した際に適時に対処及び報告がなされているか。","情報セキュリティ対策がPDCAサイクルに基づいて適切に管理されているか。","新技術や技術革新を経営戦略推進のために適時適切に利活用できているか。",60,""
応用情報技術者試験,ストラテジ系,システム戦略,システム戦略,2025,"事業目標達成のためのプログラムマネジメントの考え方として、適切なものはどれか。","活動全体を複数のプロジェクトの結合体と捉え、複数のプロジェクトの連携,統合、相互作用を通じて価値を高め、組織全体の戦略の実現を図る。","活動全体を複数のプロジェクトの結合体と捉え、複数のプロジェクトの連携,統合、相互作用を通じて価値を高め、組織全体の戦略の実現を図る。","個々のプロジェクト管理を更に細分化することによって、プロジェクトに必要な技術や確保すべき経営資源の明確化を図る。","システムの開発に使用するプログラム言語や開発手法を早期に検討することによって、開発リスクを低減し、投資効果の最大化を図る。","リスクを最小化するように支援する専門組織を設けることによって、組織全体のプロジェクトマネジメントの能力と品質の向上を図る。",60,""
応用情報技術者試験,ストラテジ系,システム戦略,システム戦略,2025,"SOAの説明はどれか。","利用者の視点から業務システムの機能を幾つかの独立した部品に分けることによって、業務プロセスとの対応付けや他ソフトウェアとの連携を容易にする手法","会計、人事,製造,購買,在庫管理,販売などの企業の業務プロセスを一元管理することによって、業務の効率化や経営資源の全体最適を図る手法","企業の業務プロセス、システム化要求などのニーズと、ソフトウェアパッケージの機能性がどれだけ適合し、どれだけかい離しているかを分析する手法","業務プロセスの問題点を洗い出して、目標設定,実行,チェック,修正行動のマネジメントサイクルを適用し、継続的な改善を図る手法","利用者の視点から業務システムの機能を幾つかの独立した部品に分けることによって、業務プロセスとの対応付けや他ソフトウェアとの連携を容易にする手法",60,""
応用情報技術者試験,ストラテジ系,企業と法務,企業活動,2025,"データ分析手法の一つである、アソシエーション分析はどれか。","商品を購買するときの関連性や同時性などのルールを購買データに基づいて見いだすなど、データ間の統計的なパターンや、意味のある関連性を抽出する。信頼度、支持度及びリフト値によってルールを評価し、有効性を確認する。","結果となる数値(目的変数)と要因となる数値(説明変数)との関係性について、最小二乗法を用いて分析する。気温の変化が売行きにどの程度影響するかなどの事象の予測に用いられる。","商品を購買するときの関連性や同時性などのルールを購買データに基づいて見いだすなど、データ間の統計的なパターンや、意味のある関連性を抽出する。信頼度、支持度及びリフト値によってルールを評価し、有効性を確認する。","多数の変数の情報 (観測変数) に存在する共通因子を仮定し、モデル化して分析する。共通因子を設けることによってデータの数が増加しても複雑になることを防ぎ、現象を分かりやすく捉えることができる。","多数の変数の情報 (観測変数)をできるだけ少ない指標や次元 (合成変数)で要約する。データのもつ情報をできる限り損なわずに全体の傾向を可視化することができる。",60,""
応用情報技術者試験,ストラテジ系,システム戦略,システム企画,2025,"投資の意思決定手法の一つであるPBP法に関する記述として、適切なものはどれか。","投資金額の回収期間の長さによって投資を評価する手法である。","キャッシュフローの時間的価値が考慮されている。","投資回収後のキャッシュフローも考慮されている。","投資金額の回収期間の長さによって投資を評価する手法である。","ほかの意思決定手法である NPV 法や IRR 法と同様に割引率を用いる手法である。",60,""
応用情報技術者試験,ストラテジ系,システム戦略,システム戦略,2025,"<p>定性的な評価項目を定量化するために評価点を与える方法がある。表に示す4段階評価を用いた場合、重み及び4段階評価の結果から評価されたシステム全体の目標達成度は、評価項目が全て目標どおりだった場合の評価点に対し、何%となるか。</p><img src='/images/2025r07a_ap_am_qs_65.png' alt='表' style='width: 100%; max-width: 400px; display: block; margin: 1em auto;'>","36","27","36","43","52",300,""
応用情報技術者試験,ストラテジ系,システム戦略,システム企画,2025,"IoT を活用した工場管理システムの開発を行う。システムを構築し、サービスを運営するA社は、B社にボード開発を定額契約で委託した。B社はボードの納入前のネットワーク試験のため、工場の設備を管理するC社と実費償還契約を締結し、工場の一部区画とネットワークを借用した。C社のネットワーク設備に故障はなく、B社の人的リソース不足が原因でネットワーク試験の作業が遅延し、追加の費用が発生したとき、その費用を負担すべき会社はどれか。ここで、各社は契約を正当に履行するものとする。また、定額契約を交わした時点では、開発のスコープは十分明確で、契約以降の変更はないものとする。","B社","A社","A社及びB社","B社","B社及びC社",60,""
応用情報技術者試験,ストラテジ系,経営戦略,経営戦略マネジメント,2025,"売手側でのマーケティング要素4Pは、買手側での要素 4Cに対応するという考え方がある。4Pの一つであるプロモーションに対応する 4Cの構成要素はどれか。","コミュニケーション (Communication)","顧客価値 (Customer Value)","顧客コスト (Cost)","コミュニケーション (Communication)","利便性(Convenience)",60,""
応用情報技術者試験,ストラテジ系,経営戦略,経営戦略マネジメント,2025,"バランススコアカードで使われる戦略マップの説明はどれか。","財務,顧客,内部ビジネスプロセス、学習と成長という四つの視点を基に、課題,施策、目標の因果関係を表現したもの","切り口となる二つの要素をX軸、Y軸として、市場における自社又は自社製品のポジションを表現したもの","財務,顧客,内部ビジネスプロセス、学習と成長という四つの視点を基に、課題,施策、目標の因果関係を表現したもの","市場の魅力度、自社の優位性という二つの軸から成る四象限に自社の製品や事業を分類して表現したもの","どのような顧客層に対して、どのような経営資源を使用し、どのような製品・サービスを提供するのかを表現したもの",60,""
応用情報技術者試験,ストラテジ系,経営戦略,経営戦略マネジメント,2025,"フィージビリティスタディの説明はどれか。","企業が新規事業立ち上げや海外進出する際の検証、公共事業の採算性検証、情報システムの導入手段の検証など、実現性を調査・検証する投資前評価のこと","企業が新規事業立ち上げや海外進出する際の検証、公共事業の採算性検証、情報システムの導入手段の検証など、実現性を調査・検証する投資前評価のこと","技術革新,社会変動などに関する未来予測によく用いられ、専門家グループなどがもつ直観的意見や経験的判断を、反復型アンケートを使って組織的に集約・洗練して収束すること","集団(小グループ) によるアイディア発想法の一つで、会議の参加メンバー各自が自由奔放にアイディアを出し合い、互いの発想の異質さを利用して、連想を行うことによって、更に多数のアイディアを生み出そうという集団思考法・発想法のこと","商品が市場に投入されてから、次第に売れなくなり姿を消すまでのプロセスを、導入期,成長期,成熟(市場飽和)期,衰退期の4段階で表現して、その市場における製品の寿命を検討すること",60,""
応用情報技術者試験,ストラテジ系,経営戦略,経営戦略マネジメント,2025,"<p>図のアンゾフの成長マトリクスのうち、市場浸透戦略の例として、適切なものはどれか。</p><img src='/images/2025r07a_ap_am_qs_70.png' alt='図' style='width: 100%; max-width: 400px; display: block; margin: 1em auto;'>","ある地域において特別価格で販売することで、商品の知名度を上げ、その地域の多くの住民に販売する。","ある商品が高いシェアを確保したため、最近の技術開発の成果を取り入れた上位機種を、既存のユーザー向けに販売する。","ある地域において特別価格で販売することで、商品の知名度を上げ、その地域の多くの住民に販売する。","ある地方で長年販売してきた商品を、今年から他の地方でも販売する。","販売実績がないある国の商習慣に合う製品を一から開発し、その国で販売する。",60,""
応用情報技術者試験,ストラテジ系,経営戦略,ビジネスインダストリ,2025,"生産事業所のシステムを、生産計画などの計画層,各指示や工程管理・製造管理などの実行層、機械・機器の制御を行う制御層の三つの層に大きく分けたとき、MESが運用される層はどれか。","実行層","計画層","実行層","制御層","計画層・実行層 制御層",60,""
応用情報技術者試験,ストラテジ系,経営戦略,ビジネスインダストリ,2025,"PLM (Product Lifecycle Management) の目的はどれか。","製品開発、製造,販売,保守、リサイクルに至る製造業のプロセスにおいて、製品に関連する情報を一元管理し、商品力向上やコスト低減を図る。","NC 工作機械,自動搬送装置、倉庫などを有機的に結合し、コンピュータで集中管理することで多品種少量生産に対応できる生産の自動化を実現する。","製品開発、製造,販売,保守、リサイクルに至る製造業のプロセスにおいて、製品に関連する情報を一元管理し、商品力向上やコスト低減を図る。","製品の生産計画に基づいてその生産に必要な資材の所要量を展開し、これを基準にして資材の需要とその発注時期を算出する。","部品の供給から製品の販売までの一連のプロセスの情報をリアルタイムで交換することによって、在庫の削減とリードタイムの短縮を実現する。",60,""
応用情報技術者試験,ストラテジ系,経営戦略,ビジネスインダストリ,2025,"IoTで活用されているLPWAの特徴として、適切なものはどれか。","一つの基地局で広範囲をカバーできる低消費電力の無線通信技術であり、複数の機器がつながるネットワークに適している。","GHz帯を使う近距離無線通信であり、4K, 8K の映像などの大容量のデータを高速伝送することに適している。","電力線を通信に使う有線通信技術であり、スマートメーターの自動検針などに適している。","一つの基地局で広範囲をカバーできる低消費電力の無線通信技術であり、複数の機器がつながるネットワークに適している。","有線のシリアル通信であり、同じ基板上の回路及びLSI間の通信に適している。",60,""
応用情報技術者試験,ストラテジ系,企業と法務,企業活動,2025,"<p>ある工場で扱っている部品Aは、使用量（需要）が一定であり、定量発注方式を採用して発注されている。この場合の経済的発注量は、グラフの年間の発注費と、年間の保管費が等しくなったときの値を計算することで求めることができる。表の条件の場合の経済的発注量を求めよ。ここで、部品Aに関する安全在庫は考慮しないものとする。</p><img src='/images/2025r07a_ap_am_qs_74.png' alt='表' style='width: 100%; max-width: 400px; display: block; margin: 1em auto;'>","1,000","10","200","500","1,000",300,""
応用情報技術者試験,ストラテジ系,企業と法務,企業活動,2025,"<p>製品 X, Yを1台製造するのに必要な部品数は、表のとおりである。製品1台当たりの利益が X, Yともに1万円のとき、利益は最大何万円になるか。ここで、部品 Aは120個、部品Bは60個まで使えるものとする。</p><img src='/images/2025r07a_ap_am_qs_75.png' alt='表' style='width: 100%; max-width: 400px; display: block; margin: 1em auto;'>","45","30","40","45","60",300,""
応用情報技術者試験,ストラテジ系,企業と法務,企業活動,2025,"<p>A社の貸借対照表の構成は図のとおりであった。A社の自己資本比率は何%か。</p><img src='/images/2025r07a_ap_am_qs_76.png' alt='表' style='width: 100%; max-width: 400px; display: block; margin: 1em auto;'>","35","10","20","30","35",300,""
応用情報技術者試験,ストラテジ系,企業と法務,企業活動,2025,"<p>表のような製品 A, B を製造、販売する場合、考えられる利益は最大で何円になるか。ここで、機械の年間使用可能時間は延べ15,000時間とし、年間の固定費は製品A,Bに関係なく15,000,000円とする。</p><img src='/images/2025r07a_ap_am_qs_77.png' alt='表' style='width: 100%; max-width: 400px; display: block; margin: 1em auto;'>","7,500,000","3,750,000","7,500,000","16,250,000","18,750,000",300,""
応用情報技術者試験,ストラテジ系,企業と法務,法務,2025,"著作権法において、保護の対象となり得ないものはどれか。","プログラム言語や規約 (プログラム言語の用法についての特別の約束)","インターネットで公開されたフリーソフトウェア","ソフトウェアの操作マニュアル","データベース","プログラム言語や規約 (プログラム言語の用法についての特別の約束)",60,""
応用情報技術者試験,ストラテジ系,企業と法務,法務,2025,"意匠法において、保護の対象となり得るものはどれか。","独自のGUI","独自のGUI","独自のアルゴリズム","独自の通信プロトコル","独自のビジネスモデル",60,""
応用情報技術者試験,ストラテジ系,企業と法務,法務,2025,"労働施策総合推進法に関する記述として、適切なものはどれか。","いわゆるパワーハラスメントに関し、労働者の相談に応ずることや適切に対応する体制を整備することなどを事業主に義務付けている。","いわゆるパワーハラスメントに関し、労働者の相談に応ずることや適切に対応する体制を整備することなどを事業主に義務付けている。","大学生や高校生が適職を選択して、適切な就職活動を行うために、教育機関が関与すべきインターンシップの理念・原則を定めている。","都道府県ごとに時給という形式で金額が決められている最低賃金を労働施策の基礎として位置付け、それを決定する手順を定めている。","労働組合と使用者との団体交渉が労働条件改善の基本的な方策であると示し、労働組合活動を総合的に推進することを義務付けている。",60,""
応用情報技術者試験,テクノロジ系,基礎理論,基礎理論,2024,"M/M/1 の待ち行列モデルにおいて、窓口の利用率が25%から 40%に増えると、平均待ち時間は何倍になるか。","2.00","1.25","1.60","2.00","3.00",300,""
応用情報技術者試験,テクノロジ系,基礎理論,基礎理論,2024,"AIにおける教師あり学習での交差検証に関する記述はどれか。","学習モデルの汎化性能を評価するために、データを複数のグループに分割し、一部を学習に残りを評価に使い、順にグループを入れ替えて学習と評価を繰り返す。","過学習を防ぐために、回帰モデルに複雑さを表すペナルティ項を加え、訓練データへ過剰に適合しないようにモデルを調整する。","学習の精度を高めるために、複数の異なるアルゴリズムのモデルで学習し、学習の結果は組み合わせて評価する。","学習モデルの汎化性能を高めるために、単一のモデルで関連する複数の課題を学習することによって、課題間に共通する要因を獲得する。","学習モデルの汎化性能を評価するために、データを複数のグループに分割し、一部を学習に残りを評価に使い、順にグループを入れ替えて学習と評価を繰り返す。",60,""
応用情報技術者試験,テクノロジ系,基礎理論,基礎理論,2024,"式A+B×Cの逆ポーランド表記法による表現として、適切なものはどれか。","ABC×＋","＋×CBA","×＋ABC","ABC×＋","CBA＋×",60,""
応用情報技術者試験,テクノロジ系,基礎理論,基礎理論,2024,"自動車の先進運転支援システムで使用されるセンサーの説明のうち、適切なものはどれか。","可視光カメラは、天候などの影響を受けやすいが、交通標識の認識に使用できる。","可視光カメラは、天候などの影響を受けやすいが、交通標識の認識に使用できる。","超音波センサーは、天候などの影響を受けやすいが、測定可能距離が500メートル以上と長い。","ミリ波レーダーは、天候などの影響を受けにくく、交通信号機の灯色の判別に使用できる。","レーザーレーダーは、天候などの影響を受けにくく、建物の後ろにある物体を検知できる。",60,""
応用情報技術者試験,テクノロジ系,基礎理論,アルゴリズムとプログラミング,2024,"<p>次の2分探索木から要素 12を削除したとき、その位置に別の要素を移動するだけで2分探索木を再構成するには、削除された要素の位置にどの要素を移動すればよいか。</p><img src='/images/2024r06a_ap_am_qs_5.png' alt='図' style='width: 100%; max-width: 400px; display: block; margin: 1em auto;'>","13","9","10","13","14",60,""
応用情報技術者試験,テクノロジ系,基礎理論,アルゴリズムとプログラミング,2024,"自然数をキーとするデータを、ハッシュ表を用いて管理する。キーxのハッシュ関数 h(x)を
h(x)=x mod n
とすると、任意のキーaとbが衝突する条件はどれか。ここで、nはハッシュ表の大きさであり、x mod nはxをnで割った余りを表す。","a-bがnの倍数","a+bがnの倍数","a-bがnの倍数","nがa+bの倍数","nがa-bの倍数",60,""
応用情報技術者試験,テクノロジ系,基礎理論,アルゴリズムとプログラミング,2024,"次の特徴をもつプログラム言語及び実行環境であって、オープンソースソフトウェアとして提供されているものはどれか。
[特徴]
・統計解析や機械学習に適している。
・データ分析、グラフ描画などの、多数のソフトウェアパッケージが提供されている。
・変数自体には型がなく、変数に代入されるオブジェクトの型は実行時に決まる。","R","Go","Kotlin","R","Scala",60,""
応用情報技術者試験,テクノロジ系,コンピュータシステム,コンピュータ構成要素,2024,"RISC プロセッサの5段パイプラインの命令実行制御の順序はどれか。ここで、このパイプラインのステージは次の五つとする。
① 書込み
② 実行とアドレス生成
③ 命令デコードとレジスタファイル読出し
④ 命令フェッチ
⑤ メモリアクセス","④,③,②,⑤,①","③,④,②,⑤,①","③,⑤,②,④,①","④,③,②,⑤,①","④,⑤,③,②,①",60,""
応用情報技術者試験,テクノロジ系,コンピュータシステム,コンピュータ構成要素,2024,"量子超越性(Quantum Supremacy) の説明として、適切なものはどれか。","従来のコンピュータでは実用的な時間で処理することができない計算を、量子コンピュータでは高速に実行できること","重ね合わせという現象を用いた量子暗号が、現在の暗号化方式よりもはるかに安全であること","従来のコンピュータが古典物理学に依拠する段階にとどまっているのに比べて、量子コンピュータが量子力学に依拠して作られていること","従来のコンピュータでは実用的な時間で処理することができない計算を、量子コンピュータでは高速に実行できること","同一の性能を実現した従来のコンピュータに比べて、量子コンピュータの物理的な大きさを圧倒的に小さくできること",60,""
応用情報技術者試験,テクノロジ系,コンピュータシステム,コンピュータ構成要素,2024,"キャッシュメモリのアクセス時間が主記憶のアクセス時間の1/30で、ヒット率が95%のとき、実効メモリアクセス時間は、主記憶のアクセス時間の約何倍になるか。","0.08","0.03","0.08","0.37","0.95",300,""
応用情報技術者試験,テクノロジ系,コンピュータシステム,コンピュータ構成要素,2024,"ストレージのインタフェースとして用いられる FC (ファイバチャネル)の特徴として、適切なものはどれか。","伝送媒体には電気ケーブル又は光ケーブルを用いることができる。","TCP/IPの上位層として作られた規格である。","接続形態は、スイッチを用いたn対n接続に限られる。","伝送媒体には電気ケーブル又は光ケーブルを用いることができる。","物理層としてパラレル SCSI を用いることができる。",60,""
応用情報技術者試験,テクノロジ系,コンピュータシステム,システム構成要素,2024,"Web アプリケーションサーバの信頼性に関する記述のうち、適切なものはどれか。","セッションを共有するクラスタ構成で1台のサーバに障害が発生した場合、サービス及びトランザクションは継続できる。","コールドスタンバイ構成で稼働しているサーバに障害が発生した場合、サービスは中断しないが、トランザクションは継続できない。","コールドスタンバイ構成で稼働しているサーバに障害が発生した場合、サービスは中断するが、トランザクションは継続できる。","セッションを共有しないクラスタ構成で1台のサーバに障害が発生した場合、サービスは継続できないが、トランザクションは継続できる。","セッションを共有するクラスタ構成で1台のサーバに障害が発生した場合、サービス及びトランザクションは継続できる。",60,""
応用情報技術者試験,テクノロジ系,コンピュータシステム,システム構成要素,2024,"データアクセス方式の一つであるオブジェクトストレージに関する記述のうち、最も適切なものはどれか。","データとメタデータをセットにして保存し、固有の識別子でデータにアクセスする。","ストレージにファイルシステムを構成し、ファイル単位でデータにアクセスする。","ストレージの論理ボリュームを決まったサイズに分割し、その単位でデータにアクセスする。","データとメタデータをセットにして保存し、階層構造にすることによってデータにアクセスする。","データとメタデータをセットにして保存し、固有の識別子でデータにアクセスする。",60,""
応用情報技術者試験,テクノロジ系,コンピュータシステム,システム構成要素,2024,"<p>稼働率が等しい装置Xを直列や並列に組み合わせたとき、システム全体の稼働率を高い順に並べたものはどれか。ここで、装置Xの稼働率は0よりも大きく1未満である。</p><img src='/images/2024r06a_ap_am_qs_14.png' alt='図' style='width: 100%; max-width: 400px; display: block; margin: 1em auto;'>","A, C, B","A, B, C","A, C, B","C, A, B","C, B, A",60,""
応用情報技術者試験,テクノロジ系,コンピュータシステム,システム構成要素,2024,"あるクライアントサーバシステムにおいて、クライアントから要求された1件の検索を処理するために、サーバで平均100万命令が実行される。1件の検索につき、ネットワーク内で転送されるデータは平均2×10^5バイトである。このサーバの性能は100MIPSであり、ネットワークの転送速度は8×10^7ビット/秒である。このシステムにおいて、1秒間に処理できる検索要求は何件か。ここで、処理できる件数は、サーバとネットワークの処理能力だけで決まるものとする。また、1バイトは8ビットとする。","50","50","100","200","400",300,""
応用情報技術者試験,テクノロジ系,コンピュータシステム,ソフトウェア,2024,"タスクスケジューリング方式の説明のうち、特定のタスクがCPU資源の割当てを待ち続ける可能性が最も高いものはどれか。","処理予定時間が最も短いタスクから順に処理を実行する。現在実行中の処理が終了するか、又は何らかの要因によって中断されたとき、次のタスクを開始する。","各タスクの優先度を決めて、優先度が高い順に実行し, CPU 割当てまでの待ち時間の長さに応じて優先度を徐々に上げていく。","各タスクを実行可能待ち行列に置かれた順に実行し、一定時間が経過したら実行を中断して実行可能待ち行列の最後尾に加える。","処理予定時間が最も短いタスクから順に処理を実行する。現在実行中の処理が終了するか、又は何らかの要因によって中断されたとき、次のタスクを開始する。","タスクがシステムに到着した順に実行可能待ち行列の最後尾に加え、常に実行可能待ち行列の先頭のタスクにCPUを割り当てる。",60,""
応用情報技術者試験,テクノロジ系,コンピュータシステム,ソフトウェア,2024,"ページング方式の仮想記憶において、ページ置換えの発生頻度が高くなり、システムの処理能力が急激に低下することがある。このような現象を何と呼ぶか。","スラッシング","スラッシング","スワップアウト","フラグメンテーション","ページフォールト",60,""
応用情報技術者試験,テクノロジ系,コンピュータシステム,ソフトウェア,2024,"仮想記憶方式において、セグメンテーション方式と比較した場合のページング方式の長所はどれか。","主記憶の外部断片化が発生しない。","記憶領域へのアクセス保護を論理的な単位で行うことができる。","記憶領域をプログラム間で容易に共用することができる。","実行時に記憶領域の大きさを動的に変えることができる。","主記憶の外部断片化が発生しない。",60,""
応用情報技術者試験,テクノロジ系,コンピュータシステム,ソフトウェア,2024,"分散開発環境において、各開発者のローカル環境に全履歴を含んだ中央リポジトリの完全な複製をもつことによって、中央リポジトリにアクセスできないときでも履歴の調査や変更の記録を可能にする、バージョン管理ツールはどれか。","Git","Apache Subversion","CVS","Git","RCS",60,""
応用情報技術者試験,テクノロジ系,コンピュータシステム,ソフトウェア,2024,"手続型言語のコンパイラがコード生成までに行う処理のうち、最後に行うものはどれか。","最適化","意味解析","構文解析","最適化","字句解析",60,""
応用情報技術者試験,テクノロジ系,コンピュータシステム,ハードウェア,2024,"<p>図はスイッチA及びBの状態によって、LEDが点灯又は消灯する回路である。スイッチAがオンの状態を A=1, オフの状態をA=0とし、スイッチBも同様にオンの状態を B=1, オフの状態を B=0 とする。また、LEDが点灯する状態を Y=1, 消灯する状態を Y=0 とする。このとき、図の回路を動作させたときのタイミングチャートとして、適切なものはどれか。</p><img src='/images/2024r06a_ap_am_qs_21.png' alt='図' style='width: 100%; max-width: 400px; display: block; margin: 1em auto;'>",ウ,ア,イ,ウ,エ,60,""
応用情報技術者試験,テクノロジ系,コンピュータシステム,ハードウェア,2024,"SoCの説明として、適切なものはどれか。","複数のチップで構成していたコンピュータシステムを、一つのチップで実現したLSI","システムLSI に内蔵されたソフトウェア","複数のMCUを搭載したボード","複数のチップで構成していたコンピュータシステムを、一つのチップで実現したLSI","複数のチップを単一のパッケージに封入してシステム化したデバイス",60,""
応用情報技術者試験,テクノロジ系,コンピュータシステム,ハードウェア,2024,"アクチュエーターの説明として、適切なものはどれか。","エネルギー源からのパワーを、回転、直進などの動きに変換する。","与えられた目標値と、センサーから得られた制御量を比較し、制御量を目標値に一致させるように操作量を出力する。","位置,角度,速度,加速度,力、温度などを検出し、電気的な情報に変換する。","エネルギー源からのパワーを、回転、直進などの動きに変換する。","マイクロフォン、センサーなどが出力する微小な電気信号を増幅する。",60,""
応用情報技術者試験,テクノロジ系,コンピュータシステム,ハードウェア,2024,"マイクロプロセッサの耐タンパ性を向上させる手法として、適切なものはどれか。","チップ内部を物理的に解析しようとすると、内部回路が破壊されるようにする。","ESD (Electrostatic Discharge) に対する耐性を強化する。","チップ検査終了後に検査用パッドを残しておく。","チップ内部を物理的に解析しようとすると、内部回路が破壊されるようにする。","内部メモリを物理アドレスに合わせて整然と配置する。",60,""
応用情報技術者試験,テクノロジ系,技術要素,ユーザーインターフェース,2024,"<p>Web ページの構成要素のうち、図のような固定の表示領域内でマウス操作やタッチ操作を行うことによってスクロールし、複数の画像などが横方向に順次表示されるものを何というか。</p><img src='/images/2024r06a_ap_am_qs_25.png' alt='図' style='width: 100%; max-width: 400px; display: block; margin: 1em auto;'>","カルーセル","アコーディオン","カルーセル","タブ","モーダルウィンドウ",60,""
応用情報技術者試験,テクノロジ系,技術要素,情報メディア,2024,"800×600ピクセル、24ビットカラーで30フレーム/秒の動画像の配信に最小限必要な帯域幅はおよそ幾らか。ここで、通信時にデータ圧縮は行わないものとする。","350 Mビット/秒","350kビット/秒","3.5 Mビット/秒","35 Mビット/秒","350 Mビット/秒",300,""
応用情報技術者試験,テクノロジ系,技術要素,データベース,2024,"2 相コミットで分散トランザクションの原子性を保証する場合、ネットワーク障害の発生によって参加者のトランザクションが、コミットすべきか又はロールバックすべきかを判断できなくなることがある。このような状況を発生させるネットワーク障害に関する説明として、適切なものはどれか。","調停者のトランザクションが、コミット又はロールバックの決定を参加者に送る直前に障害になった。","調停者のトランザクションが、コミット又はロールバック可否の問合せを参加者に送る直前に障害になった。","調停者のトランザクションが、コミット又はロールバックの決定を参加者に送る直前に障害になった。","調停者のトランザクションに、コミット又はロールバック可否の応答を参加者が返す直前に障害になった。","調停者のトランザクションに、コミット又はロールバックの完了を参加者が返す直前に障害になった。",60,""
応用情報技術者試験,テクノロジ系,技術要素,データベース,2024,"<p>化粧品の製造を行っているA社では、販売代理店を通じて商品販売を行っている。今後の販売戦略に活用するために、次の三つの表を設計した。これらの表を用いるだけでは得ることのできない情報はどれか。</p><img src='/images/2024r06a_ap_am_qs_28.png' alt='表' style='width: 100%; max-width: 400px; display: block; margin: 1em auto;'>","販売代理店ごとの購入者数の日別差異","商品ごとの販売数量の日別差異","性別ごとの売れ筋商品","販売代理店ごとの購入者数の日別差異","販売代理店ごとの売れ筋商品",60,""
応用情報技術者試験,テクノロジ系,技術要素,データベース,2024,"<p>次のオブジェクト図 (インスタンスを表す図) に対応する概念データモデルはどれか。ここで、オブジェクト図及び概念データモデルの表記には UML を用いる。</p><img src='/images/2024r06a_ap_am_qs_29.png' alt='図' style='width: 100%; max-width: 400px; display: block; margin: 1em auto;'>",イ,ア,イ,ウ,エ,60,""
応用情報技術者試験,テクノロジ系,技術要素,データベース,2024,"<p>“成績”表に対して、SQL文1と同一の結果を得るために、SQL文2のaに入れる字句はどれか。</p><img src='/images/2024r06a_ap_am_qs_30.png' alt='表' style='width: 100%; max-width: 400px; display: block; margin: 1em auto;'>","PARTITION BY 学生番号 ORDER BY 実施回","ORDER BY 学生番号, 実施回","PARTITION BY 学生番号 ORDER BY 実施回","PARTITION BY 学生番号 ORDER BY 得点 ASC","PARTITION BY 学生番号 ORDER BY 得点 DESC",60,""
応用情報技術者試験,テクノロジ系,技術要素,データベース,2024,"DBMSのチェックポイントに関する記述として、適切なものはどれか。","データベースバッファの内容を二次記憶に書き出した時点を指し,障害回復処理の際に、その時点までにコミットされたトランザクションの回復作業を不要にできる。","制約のチェックを行う時点を指し、データ操作ごとに即時にチェックを行うか、トランザクションのコミット時までチェックを遅延させるかの指定ができる。","データベースバッファの内容を二次記憶に書き出した時点を指し,障害回復処理の際に、その時点までにコミットされたトランザクションの回復作業を不要にできる。","一つのトランザクションの途中に任意に設定できる時点を指し、プログラムによってその時点まで明示的にロールバックできる。","分散トランザクションの調停者が、全参加者からコミット可否を受け取り、コミットかロールバックかの判定を行う時点を指し、その後に全参加者にコミット又はロールバックの実行要求を発行することによって、分散トランザクションの原子性,一貫性が保証できる。",60,""
応用情報技術者試験,テクノロジ系,技術要素,ネットワーク,2024,"1M バイトのデータの送信を5秒以内に行うための、最低速度の回線サービスはどれか。ここで、伝送制御のための情報は考慮しないこととし、回線の伝送効率は60%とする。","4Mビット/秒の回線サービス","1Mビット/秒の回線サービス","2Mビット/秒の回線サービス","4Mビット/秒の回線サービス","10Mビット/秒の回線サービス",60,""
応用情報技術者試験,テクノロジ系,技術要素,ネットワーク,2024,"DNS に関する記述のうち、適切なものはどれか。","IP アドレスに対応するホスト名を調べることを逆引きという。","DNS サーバのホスト名を登録するレコードをMXレコードという。","DNS サーバに問い合わせを行うソフトウェアをレゾリューションという。","IP アドレスに対応するホスト名を調べることを逆引きという。","ホスト名に対し別名を登録するレコードをNSレコードという。",60,""
応用情報技術者試験,テクノロジ系,技術要素,ネットワーク,2024,"IPv4 ネットワークにおける ICMP の機能として、適切なものはどれか。","送信元ホストへ、IPパケットの送信エラー報告などの制御メッセージを通知する。","MAC アドレスだけが分かっているときにIPアドレスの解決を可能にする。","グローバルIPアドレスとプライベートIPアドレスとを相互に変換する。","送信元ホストへ、IPパケットの送信エラー報告などの制御メッセージを通知する。","ネットワーク内の IP アドレスを一元管理し、クライアントに動的に割り当てる。",60,""
応用情報技術者試験,テクノロジ系,技術要素,ネットワーク,2024,"クラスDのIPv4アドレスを使用するのはどの場合か。","マルチキャストアドレスを割り振り、マルチキャスト通信を行う。","端末数が250台程度までの比較的小規模なネットワークのホストアドレスを割り振る。","端末数が65,000台程度の中規模なネットワークのホストアドレスを割り振る。","プライベートアドレスを割り振り、ユニキャスト通信を行う。","マルチキャストアドレスを割り振り、マルチキャスト通信を行う。",60,""
応用情報技術者試験,テクノロジ系,技術要素,ネットワーク,2024,"IPv4のLANに接続されているプリンターのMACアドレスを、同一LAN上のPCから調べるときに使用するコマンドはどれか。ここで、PCはこのプリンターを直前に使用しており、プリンターのIPアドレスは分かっているものとする。","arp","arp","ipconfig 又は ifconfig","netstat","ping",60,""
応用情報技術者試験,テクノロジ系,技術要素,セキュリティ,2024,"企業内のクライアントからクラウドサービスへのアクセスに SAML 認証を利用したときのシステムの動作に関する記述のうち、適切なものはどれか。ここで、利用者ID とパスワードは企業内のディレクトリサービスで管理し、利用者認証は企業内の認証サーバで行う。","認証サーバから認証結果をクライアント経由でクラウドサービスに送信する。","クラウドサービスがディレクトリサービスに利用者 ID とパスワードの送信を要求する。","認証サーバからクラウドサービスに、利用者 IDとパスワードを送信する。","認証サーバから認証結果をクライアント経由でクラウドサービスに送信する。","利用者が入力したパスワードとクラウドサービスから送信された乱数を組み合わせ、さらにハッシュ値に変換した結果をクライアントからクラウドサービスに送信する。",60,""
応用情報技術者試験,テクノロジ系,技術要素,セキュリティ,2024,"インターネット上の使われていない IP アドレス空間に大量に届くパケットはどれか。","攻撃者やマルウェアが IoT機器やサーバなどの攻撃対象を探すために送信するパケット","インターネット上で公開されている Web サイトに対してPCから送信するパケット","インターネットにつながっており、実在するIoT機器から実在するサーバに送信されるパケット","攻撃者やマルウェアが IoT機器やサーバなどの攻撃対象を探すために送信するパケット","有効な電子メールアドレスに対して攻撃者が標的型攻撃メールを送信する SMTPのパケット",60,""
応用情報技術者試験,テクノロジ系,技術要素,セキュリティ,2024,"ディープフェイクを悪用した攻撃に該当するものはどれか。","AI 技術によって加工した CEO の音声を使用して従業員に電話をかけ、指定した銀行口座に送金するよう指示した。","AI 技術によって加工した CEO の音声を使用して従業員に電話をかけ、指定した銀行口座に送金するよう指示した。","企業のPCをランサムウェアに感染させ、暗号化したデータを復号するための鍵と引き換えに、指定した方法で暗号資産を送付するよう指示した。","企業の秘密情報を含むデータを不正に取得したと誤認させる電子メールを従業員に送付し、不正に取得したデータを公開しないことと引き換えに、指定した方法で暗号資産を送付するよう指示した。","ディープウェブにて入手した認証情報でCEOの電子メールアカウントに不正にログインして偽りの電子メールを従業員に送付し、指定した銀行口座に送金するよう指示した。",60,""
応用情報技術者試験,テクノロジ系,技術要素,セキュリティ,2024,"パスワードリスト攻撃に該当するものはどれか。","どこかの Web サイトから流出した利用者 IDとパスワードのリストを用いて、他のWebサイトに対してログインを試行する。","一般的な単語や人名からパスワードのリストを作成し、インターネットバンキングへのログインを試行する。","想定し得るパスワードとそのハッシュ値との対のリストを用いて、入手したハッシュ値からパスワードを効率的に解析する。","どこかの Web サイトから流出した利用者 IDとパスワードのリストを用いて、他のWebサイトに対してログインを試行する。","ピクチャパスワードの入力を録画してリスト化しておき、それを利用することによってタブレット端末へのログインを試行する。",60,""
応用情報技術者試験,テクノロジ系,技術要素,セキュリティ,2024,"JVN などの脆弱性情報サイトで採用されている CVE (Common Vulnerabilities and Exposures)識別子の説明はどれか。","製品に含まれる脆弱性を識別するための識別子","コンピュータで必要なセキュリティ設定項目を識別するための識別子","脆弱性が悪用されて改ざんされた Web サイトのスクリーンショットを識別するための識別子","製品に含まれる脆弱性を識別するための識別子","セキュリティ製品の種別を識別するための識別子",60,""
応用情報技術者試験,テクノロジ系,技術要素,セキュリティ,2024,"DNS キャッシュポイズニング攻撃に対して有効な対策はどれか。","DNS 問合せに使用する DNS ヘッダー内のIDを固定せずにランダムに変更する。","DNS Sサーバにおいて、侵入したマルウェアをリアルタイムに隔離する。","DNS 問合せに使用する DNS ヘッダー内のIDを固定せずにランダムに変更する。","DNS 問合せに使用する送信元ポート番号を53番に固定する。","外部からのDNS 問合せに対しては、宛先ポート番号53のものだけに応答する。",60,""
応用情報技術者試験,テクノロジ系,技術要素,セキュリティ,2024,"ソフトウェアのセキュリティ管理に使用される SBOM はどれか。","ソフトウェアを構成するコンポーネント、相互の依存関係などをリスト化した一覧","セキュリティアラートやログを集約、分析し、潜在的な脅威を見つけるシステム","組織内にあるソフトウェアを含む IT資産をリスト化したデータベース","組織のソフトウェアのセキュリティ脆弱性と設定ミスを特定、評価、処理,報告するためのプロセス、ツール、戦略","ソフトウェアを構成するコンポーネント、相互の依存関係などをリスト化した一覧",60,""
応用情報技術者試験,テクノロジ系,技術要素,セキュリティ,2024,"DNSSEC の仕様はどれか。","権威 DNS サーバで公開鍵を公開し、秘密鍵を使ってリソースレコードにデジタル署名を付与する。DNSキャッシュサーバで、権威 DNS サーバから受信したリソースレコードのデジタル署名を検証する。","DNS キャッシュサーバで、権威 DNS サーバに名前を問い合わせるときの送信元ポート番号を問合せのたびにランダムに変える。","権威 DNS サーバで公開鍵を公開し、秘密鍵を使ってリソースレコードにデジタル署名を付与する。DNSキャッシュサーバで、権威 DNS サーバから受信したリソースレコードのデジタル署名を検証する。","電子メールを送信するメールサーバの IP アドレスを権威 DNS サーバに登録する。電子メールを受信するメールサーバで、権威DNS サーバに登録されている情報を用いて、送信元メールサーバのIPアドレスを検証する。","電子メールを送信するメールサーバの公開鍵を権威DNSサーバで公開し、秘密鍵を使って電子メールにデジタル署名を付与する。電子メールを受信するメールサーバで、電子メールのデジタル署名を検証する。",60,""
応用情報技術者試験,テクノロジ系,技術要素,セキュリティ,2024,"VLAN 機能をもった1台のレイヤー3 スイッチに40台のPCを接続している。スイッチのポートをグループ化して複数のセグメントに分けたとき、スイッチのポートをセグメントに分けない場合に比べて得られるセキュリティ上の効果の一つはどれか。","スイッチが、PCからのブロードキャストパケットの到達範囲を制限するので、アドレス情報の不要な流出のリスクを低減できる。","スイッチが、PCから送出される ICMP パケットを同一セグメント内も含め、全て遮断するので、PC間のマルウェア感染のリスクを低減できる。","スイッチが、PCからのブロードキャストパケットの到達範囲を制限するので、アドレス情報の不要な流出のリスクを低減できる。","スイッチが、PCのMACアドレスから接続可否を判別するので、PCの不正接続のリスクを低減できる。","スイッチが、物理ポートごとに、決まったIPアドレスをもつPCの接続だけを許可するので、PCの不正接続のリスクを低減できる。",60,""
応用情報技術者試験,テクノロジ系,技術要素,セキュリティ,2024,"エクスプロイトコードの説明はどれか。","攻撃コードとも呼ばれ、ソフトウェアの脆弱性を悪用するコードのことであり、使い方によっては脆弱性の検証に役立つこともある。","攻撃コードとも呼ばれ、ソフトウェアの脆弱性を悪用するコードのことであり、使い方によっては脆弱性の検証に役立つこともある。","マルウェア定義ファイルとも呼ばれ、マルウェアを特定するための特徴的なコードのことであり、マルウェア対策ソフトによるマルウェアの検知に用いられる。","メッセージとシークレットデータから計算されるハッシュコードのことであり、メッセージの改ざん検知に用いられる。","ログインのたびに変化する認証コードのことであり、不正に取得しても再利用できないので不正アクセスを防ぐ。",60,""
応用情報技術者試験,テクノロジ系,開発技術,システム開発技術,2024,"マイクロサービスアーキテクチャを利用するとき、システム構築上の利点はどれか。","各サービスの変更がしやすい。","各サービスが使用する、プログラム言語、ライブラリ及びミドルウェアを統一しやすい。","各サービスが保有するデータの整合性を確保しやすい。","各サービスの変更がしやすい。","各サービスを呼び出す回数が減るので、オーバーヘッドが削減できる。",60,""
応用情報技術者試験,テクノロジ系,開発技術,システム開発技術,2024,"ソフトウェアの使用性を評価する指標の目標設定の例として、適切なものはどれか。","ソフトウェアの使用方法を、利用者が1時間以内に習得できること","ソフトウェアに障害が発生してから1時間以内に、利用者が使用できること","ソフトウェアの使用方法を、利用者が1時間以内に習得できること","利用者から要望のある機能の改善を、1週間以内に完了できること","利用者の使用したい機能が 100%提供できていること",60,""
応用情報技術者試験,テクノロジ系,開発技術,ソフトウェア開発管理技術,2024,"アジャイル開発の初期段階において、プロジェクトの目的、スコープなどに対する共通認識を得るために、あらかじめ設定されている設問と課題について関係者が集まって確認し合い、その成果を共有する手法はどれか。","インセプションデッキ","アジャイルモデリング","インセプションデッキ","プランニングポーカー","ユーザーストーリーマッピング",60,""
応用情報技術者試験,テクノロジ系,開発技術,ソフトウェア開発管理技術,2024,"レスポンシブWebデザインを実現するに当たって、単一のHTML文書を用いて、Webコンテンツを各種端末のディスプレイの大きさに合わせた形式で表示するために使用する機能はどれか。","メディアクエリ","User-Agent","WebSocket","マッシュアップ","メディアクエリ",60,""
応用情報技術者試験,マネジメント系,プロジェクトマネジメント,プロジェクトマネジメント,2024,"プロジェクトマネジメントにおけるスコープの管理の活動はどれか。","連携する計画であった外部システムのリリースが延期になったので、この外部システムとの連携に関わる作業は別プロジェクトで実施することにした。","開発ツールの新機能の教育が不十分と分かったので、開発ツールの教育期間を 2日間延長した。","要件定義が完了した時点で再見積りをしたところ、当初見積もった開発コストを超過することが判明したので、追加予算を確保した。","連携する計画であった外部システムのリリースが延期になったので、この外部システムとの連携に関わる作業は別プロジェクトで実施することにした。","割り当てたテスト担当者が期待した成果を出せなかったので、経験豊富なテスト担当者と交代した。",60,""
応用情報技術者試験,マネジメント系,プロジェクトマネジメント,プロジェクトマネジメント,2024,"PMBOK ガイド 第7版によれば、WBSの最下位のレベルの作業を何と呼ぶか。","ワーク・パッケージ","WBS 辞書","アクティビティ・リスト","プロジェクト・スコープ","ワーク・パッケージ",60,""
応用情報技術者試験,マネジメント系,プロジェクトマネジメント,プロジェクトマネジメント,2024,"プロジェクトマネジメントにおいて、プロジェクトチームのパフォーマンスを高めるために、チームメンバーを同じ作業場所に集めることを何というか。","コロケーション","コロケーション","ネットワーキング","バーチャルチーム","ファシリテーション",60,""
応用情報技術者試験,マネジメント系,プロジェクトマネジメント,プロジェクトマネジメント,2024,"プロジェクトマネジメントにおけるファストトラッキングの例として、適切なものはどれか。","設計が終わったモジュールから順にプログラム開発を実施するようにして、スケジュールを短縮した。","クリティカルパス上のアクティビティの開始が遅れたので、そのアクティビティに人的資源を追加した。","コストを削減するために、これまで承認されていた残業を禁止した。","仕様の確定が大幅に遅れたので、プロジェクトの完了予定日を延期した。","設計が終わったモジュールから順にプログラム開発を実施するようにして、スケジュールを短縮した。",60,""
応用情報技術者試験,マネジメント系,サービスマネジメント,サービスマネジメント,2024,"サービスマネジメントにおいて、中断したサービスを復旧させるときの目標を定めた指標に、RTO (目標復旧時間),RPO(目標復旧時点) 及び RLO (目標復旧レベル)がある。RTOとRLOとを定めた例として、適切なものはどれか。","サービスの中断から1日以内に、中断したサービスのうちの重要なサービスに限定してサービスを復旧する。","サービスが中断する 3時間前の時点の状態にデータを復旧し、利用者の50%以上にサービスを提供できるようにする。","サービスが中断する直前の状態にデータを復旧し、当日のサービス終了時刻を、サービスが中断していた時間だけ延長する。","サービスの中断から1時間以内に、中断する1時間前の時点の状態にデータを復旧する。","サービスの中断から1日以内に、中断したサービスのうちの重要なサービスに限定してサービスを復旧する。",60,""
応用情報技術者試験,マネジメント系,サービスマネジメント,サービスマネジメント,2024,"JIS Q 20000-1:2020 (サービスマネジメントシステム要求事項)によれば、継続的改善に関する記述として、適切なものはどれか。","改善の機会に対して適用する評価基準には、改善とサービスマネジメントの目的との整合性が含まれなければならない。","改善活動では、品質と費用の両方について改善の目標を設定しなければならない。","改善活動は、提供するサービスを改善の対象にして、サービスマネジメントシステムを改善の対象にしない。","改善の機会に対して適用する評価基準には、改善とサービスマネジメントの目的との整合性が含まれなければならない。","実施された改善は、設定した目標に照らして測定するのではなく、改善前と比較した改善の効果を測定する。",60,""
応用情報技術者試験,マネジメント系,サービスマネジメント,サービスマネジメント,2024,"入出力データの管理方針の例として、適切なものはどれか。","出力帳票は授受管理表などを用いて確実に受渡しを行い、情報の重要度によっては業務部門の管理者に手渡しする。","出力帳票の利用状況を定期的に点検し、利用されていないと判断したものは、情報システム部門の判断で出力を停止する。","出力帳票は授受管理表などを用いて確実に受渡しを行い、情報の重要度によっては業務部門の管理者に手渡しする。","チェックによって発見された入力データの誤りは、情報システム部門の判断で迅速に修正する。","入力原票やEDI 受信ファイルなどの取引情報は、機密性を確保するために、データをシステムに取り込んだ後に速やかに廃棄する。",60,""
応用情報技術者試験,マネジメント系,サービスマネジメント,システム監査,2024,"システム監査において、監査手続の適用に際して用いられる技法のうち、データの生成から入力,処理,出力,活用までのプロセス、及び組み込まれているコントロールを、書面上で、又は実際に追跡するものはどれか。","ウォークスルー法","ウォークスルー法","チェックリスト法","突合・照合法","ドキュメントレビュー法",60,""
応用情報技術者試験,マネジメント系,サービスマネジメント,システム監査,2024,"システム監査基準 (令和5年) における予備調査についての記述として、適切なものはどれか。","監査対象先の事務手続やマニュアルなどを通じて、業務内容,業務分掌、体制などを把握する。","監査対象先の事務手続やマニュアルなどを通じて、業務内容,業務分掌、体制などを把握する。","監査対象の実態を把握するために、必ず現地に赴いて実施する。","監査の結論を裏付けるために、十分な監査証拠を入手する。","調査の範囲は、監査対象先だけに限定する。",60,""
応用情報技術者試験,マネジメント系,サービスマネジメント,システム監査,2024,"システム監査基準(令和5年) におけるフォローアップの説明として、適切なものはどれか。","システム監査人が、監査報告書に記載した改善提案の実施状況に関する情報を収集し、改善状況をモニタリングすること","監査対象先が、監査報告書の指摘事項及び改善提案を基に改善計画の策定を行うこと","監査部門の責任者が、監査報告書を基に監査の実施状況と指摘事項の妥当性を確認すること","システム監査人が、監査報告書に記載した改善提案の実施状況に関する情報を収集し、改善状況をモニタリングすること","システム監査人が、時間の関係で調査が終了しなかった監査項目を追跡調査して報告すること",60,""
応用情報技術者試験,ストラテジ系,システム戦略,システム戦略,2024,"経済産業省が取りまとめた“デジタル経営改革のための評価指標 (DX 推進指標)”によれば、DXを実現する上で基盤となる IT システムの構築に関する指標において、“IT システムに求められる要素”について経営者が確認すべき事項はどれか。","環境変化に迅速に対応し、求められるデリバリースピードに対応できる IT システムとなっているか。","IT システムの全体設計や協働できるベンダーの選定などを行える人材を育成・確保できているか。","環境変化に迅速に対応し、求められるデリバリースピードに対応できる IT システムとなっているか。","データ処理において、リアルタイム性よりも、ビッグデータの蓄積と事後の分析が重視されているか。","データを迅速に活用するために、全体最適よりも、個別最適を志向した IT システムとなっているか。",60,""
応用情報技術者試験,ストラテジ系,システム戦略,システム戦略,2024,"官民データ活用推進基本法などに基づいて進められているオープンデータバイデザインに関して、行政機関における取組についての記述として、適切なものはどれか。","対象となる行政データを、二次利用や機械判読に適した形態で無償公開することを前提に、情報システムや業務プロセスの企画、整備及び運用を行っている。","行政機関が保有する個人情報を産業振興などの目的でオープン化する場合は、データ公開に先立ち、個人情報保護委員会への届出が義務化されている。","行政機関において収集・蓄積された既存のデータが公開される場合、営利目的の利用は許されておらず、非営利の用途に限って利用が認められている。","行政機関における情報システムの設計において、情報セキュリティを確保する観点から、公開するデータの用途を行政機関同士の相互利用に限定している。","対象となる行政データを、二次利用や機械判読に適した形態で無償公開することを前提に、情報システムや業務プロセスの企画、整備及び運用を行っている。",60,""
応用情報技術者試験,ストラテジ系,システム戦略,システム戦略,2024,"業務改善の4原則としての Eliminate, Combine, Rearrange, Simplify は、業務改善を実現する上での視点を示すものである。次の業務改善例のうち, Rearrange を適用したものはどれか。","商品配送ルートを可視化した結果、移動距離の無駄が発見された。そこで、配送順を入れ替えることで、一日に配送できる件数を向上させた。","経費精算申請業務において、決裁に不要な人を申請フローから外し、決裁までに要する時間を短縮した。","商品配送ルートを可視化した結果、移動距離の無駄が発見された。そこで、配送順を入れ替えることで、一日に配送できる件数を向上させた。","表計算ソフト上で各項目を手入力していたが、一つの項目を入力すれば他の関連項目が自動計算できるように関数を設定し、作業効率を向上させた。","複数部門が集まる会議の議事録を、各部門のスタッフが、それぞれ独自に作成していた。各部門での作成をやめ、代表者1名が作成し、部門間で共有した。",60,""
応用情報技術者試験,ストラテジ系,システム戦略,システム戦略,2024,"<p>BPRによって業務を見直した場合、これまで従業員5人で年間計 9,000時間掛かっていた業務が7,000時間で実現可能なことと、その7,000時間のうちの2,000時間分の業務は外部委託が可能なことが分かった。この結果を基にBPRを実施した次のシナリオaからdのうち、当該部門において、年間当たりの金額面の効果が最も高いものはどれか。なお、いずれのシナリオも年初から実施することとし、条件に記載した時間や費用以外は考慮しないものとする。
[条件]
(1) 年間計9,000時間の内訳は従業員1人当たり1,800時間とする。
(2) 従業員1人当たりの年間の人件費は600万円とする。
(3) 外部委託が可能な2,000時間分の業務を、外部委託した場合の年間費用は700万円とする。外部委託の契約は1年単位で年間費用の700万円は固定である。
(4) 従業員の空いた時間は別の付加価値業務が行えるようになり、従業員1人につき100時間当たり20万円の利益を得ることができる。
(5) 従業員4人で当該業務を行う場合は、残り1人は他部門に異動する。当該部門では、1人分の人件費の削減効果だけを考慮する。
(6) BPR実施後、当該業務に関わらない従業員の人件費は金額面の効果とみなす。</p><img src='/images/2024r06a_ap_am_qs_64.png' alt='表' style='width: 100%; max-width: 400px; display: block; margin: 1em auto;'>","シナリオ b","シナリオa","シナリオ b","シナリオ c","シナリオ d",60,""
応用情報技術者試験,ストラテジ系,システム戦略,システム企画,2024,"システムの要件を検討する際に用いる UX デザインの説明として、適切なものはどれか。","システムを利用する際にシステムの機能が利用者にもたらす有効性、操作性などに加え、快適さ、安心感、楽しさなどの体験価値を重視する設計思想のこと","システム設計時に、システム稼働後の個人情報保護などのセキュリティ対策を組み込む設計思想のこと","システムの個々のアプリケーションを利用者が享受するサービスとして捉え、その組合せでシステムを構築する設計思想のこと","システムを利用する際にシステムの機能が利用者にもたらす有効性、操作性などに加え、快適さ、安心感、楽しさなどの体験価値を重視する設計思想のこと","接続仕様や仕組みが公開されている他社のアプリケーションを活用してシステムを構築することによって、システム開発の生産性を高める設計思想のこと",60,""
応用情報技術者試験,ストラテジ系,システム戦略,システム企画,2024,"UML の図のうち、業務要件定義において、業務フローを記述する際に使用する 処理の分岐や並行処理、処理の同期などを表現できる図はどれか。","アクティビティ図","アクティビティ図","クラス図","状態マシン図","ユースケース図",60,""
応用情報技術者試験,ストラテジ系,経営戦略,経営戦略マネジメント,2024,"SCMの目的はどれか。","複数の企業や組織にまたがる調達から販売までの業務プロセス全ての情報を統合的に管理することによって、コスト低減や納期短縮などを目的とする。","顧客情報や購買履歴、・クレームなどを一元管理し、きめ細かな顧客対応を行うことによって、良好な顧客関係の構築を目的とする。","顧客情報や商談スケジュール、進捗状況などの商談状況を一元管理することによって、営業活動の効率向上を目的とする。","生産,販売,在庫管理,財務会計,人事管理など基幹業務のあらゆる情報を統合管理することによって、経営効率の向上を目的とする。","複数の企業や組織にまたがる調達から販売までの業務プロセス全ての情報を統合的に管理することによって、コスト低減や納期短縮などを目的とする。",60,""
応用情報技術者試験,ストラテジ系,経営戦略,経営戦略マネジメント,2024,"アンゾフの成長マトリクスを説明したものはどれか。","事業戦略を、市場浸透、市場拡大,製品開発、多角化という四つのタイプに分類し、事業の方向性を検討する際に用いる手法である。","外部環境と内部環境の観点から、強み、弱み、機会、脅威という四つの要因について情報を整理し、企業を取り巻く環境を分析する手法である。","企業のビジョンと戦略を実現するために、財務、顧客、内部ビジネスプロセス、学習と成長という四つの視点から事業活動を検討し、アクションプランまで具体化していくマネジメント手法である。","事業戦略を、市場浸透、市場拡大,製品開発、多角化という四つのタイプに分類し、事業の方向性を検討する際に用いる手法である。","製品ライフサイクルを、導入期,成長期,成熟期,衰退期という四つの段階に分類し、企業にとって最適な戦略を立案する手法である。",60,""
応用情報技術者試験,ストラテジ系,経営戦略,経営戦略マネジメント,2024,"コ・クリエーション戦略の特徴はどれか。","顧客や企業ネットワークの力を活用し、商品・サービスだけでなく、顧客の経験までを含めて差別化可能な価値を創造する。","企業の営業部門と製造部門が協働し、特定の商品・サービスに限定して、徹底的に自前主義にこだわることによって強みを発揮する。","顧客が自らのアイデアを商品の仕様に具体的に落とし込み、企業に製品を製造してもらう。","顧客や企業ネットワークの力を活用し、商品・サービスだけでなく、顧客の経験までを含めて差別化可能な価値を創造する。","自社に不足する経営資源をM&Aによって強化し、従来にない価値をより素早く創造する。",60,""
応用情報技術者試験,ストラテジ系,経営戦略,技術戦略マネジメント,2024,"企業における研究、開発、事業化、そして産業化へとステージが移行する過程の中で、事業化から産業化に移行するときの、競合製品との競争過程にある障壁を何と呼ぶか。","ダーウィンの海","キャズム","死の谷","ダーウィンの海","魔の川",60,""
応用情報技術者試験,ストラテジ系,経営戦略,ビジネスインダストリ,2024,"生成 AI のビジネス活用において、独自のデータを学習させることにより基盤モデルを自社の業務やサービスに特化したモデルへとカスタマイズすることを何と呼ぶか。","ファインチューニング","アノテーション","クラスタリング","ファインチューニング","プロンプトエンジニアリング",60,""
応用情報技術者試験,ストラテジ系,経営戦略,ビジネスインダストリ,2024,"<p>製造業のA社では、NC工作機械を用いて、四つの仕事 a~d を行っている。各仕事間の段取り時間は表のとおりである。合計の段取り時間が最小になるように仕事を行った場合の合計段取り時間は何時間か。ここで、仕事はどの順序で行ってもよく、a~dを一度ずつ行うものとし、FROMからTOへの段取り時間で算出する。</p><img src='/images/2024r06a_ap_am_qs_72.png' alt='表' style='width: 100%; max-width: 400px; display: block; margin: 1em auto;'>","4","4","5","6","7",300,""
応用情報技術者試験,ストラテジ系,企業と法務,企業活動,2024,"<p>構成表の製品を300個出荷しようとするとき、部品の正味所要量は何個か。ここで、A, a, b, c の在庫量は在庫表のとおりとする。また、他の仕掛残,注文残,引当残などはないものとする。</p><img src='/images/2024r06a_ap_am_qs_73.png' alt='表' style='width: 100%; max-width: 400px; display: block; margin: 1em auto;'>","600","200","600","900","1,500",300,""
応用情報技術者試験,ストラテジ系,企業と法務,企業活動,2024,"企業経営において、経営理念,経営戦略、事業戦略は、経営理念を最上位とするピラミッドを形成している。経営理念,経営戦略,事業戦略の関係性で適切なものはどれか。","経営理念を達成するために経営戦略を策定し、経営戦略という目標を達成するために事業戦略に分解する。","経営理念、経営戦略,事業戦略のピラミッドは上位ほど具体的な内容であるのに対して、下位にいくほど抽象的な内容となっている。","経営理念,経営戦略,事業戦略のピラミッドは上位ほど短期的な視点であるのに対して、下位にいくほど中長期的な視点となっている。","経営理念を達成するために経営戦略を策定し、経営戦略という目標を達成するために事業戦略に分解する。","経営理念を達成するために事業戦略を策定し、事業戦略という目標を達成するために経営戦略に分解する。",60,""
応用情報技術者試験,ストラテジ系,企業と法務,企業活動,2024,"<p>A社とB社がそれぞれ2種類の戦略を採る場合の市場シェアが表のように予想されるとき、ナッシュ均衡、すなわち互いの戦略が相手の戦略に対して最適になっている組合せはどれか。ここで、表の各欄において、左側の数値がA社のシェア、右側の数値がB社のシェアとする。</p><img src='/images/2024r06a_ap_am_qs_75.png' alt='表' style='width: 100%; max-width: 400px; display: block; margin: 1em auto;'>","A社が戦略a1, B社が戦略b2を採る組合せ","A社が戦略a1, B社が戦略b1を採る組合せ","A社が戦略a1, B社が戦略b2を採る組合せ","A社が戦略a2, B社が戦略b1を採る組合せ","A社が戦略a2, B社が戦略b2を採る組合せ",60,""
応用情報技術者試験,ストラテジ系,企業と法務,企業活動,2024,"ベイズ統計の説明として、適切なものはどれか。","事前分布・事後分布といった確率に関する考え方に基づいて体系化されたものであり、機械学習、迷惑メールフィルターなどに利用されている統計理論","経済統計に関する国際条約に基づいて、貿易実態を正確に把握し、国の経済政策や企業の経済活動の資料とすることを目的とした指標を作成する統計手法","事前分布・事後分布といった確率に関する考え方に基づいて体系化されたものであり、機械学習、迷惑メールフィルターなどに利用されている統計理論","収集されたデータの代表値である平均値・中央値・最頻値を求めたり、度数分布表やヒストグラムを作成したりすることによって、データの特徴を捉える統計理論","ビッグデータの収集・分析に当たり、分析結果の検証可能性を確保し、複数の分析結果を比較可能とするために、対象をオープンデータに限定する統計手法",60,""
応用情報技術者試験,ストラテジ系,企業と法務,企業活動,2024,"<p>A社とB社の比較表から分かる、A社の特徴はどれか。</p><img src='/images/2024r06a_ap_am_qs_77.png' alt='表' style='width: 100%; max-width: 400px; display: block; margin: 1em auto;'>","売上高の増加が大きな利益に結び付きやすい。","売上高の増加が大きな利益に結び付きやすい。","限界利益率が低い。","損益分岐点が低い。","不況時にも、売上高の減少が大きな損失に結び付かず不況抵抗力は強い。",60,""
応用情報技術者試験,ストラテジ系,企業と法務,法務,2024,"著作権法で保護されるものはどれか。","コンパイラのプログラム","アルゴリズム","コンパイラのプログラム","プログラム言語","プロトコル",60,""
応用情報技術者試験,ストラテジ系,企業と法務,法務,2024,"大規模なシステム開発を受注したA社では、不足する開発要員を派遣事業者であるB社からの労働者派遣によって補うことにした。A社の行為のうち、労働者派遣法に照らして適切なものはどれか。","システム開発が長期間となることが予想されるので、開発要員の派遣期間を3年とする契約を結ぶ。","システム開発が長期間となることが予想されるので、開発要員の派遣期間を3年とする契約を結ぶ。","派遣候補者の履歴書及び業務経歴書の提出をB社に求め、書類選考を行い、面接対象者を絞り込む。","派遣された要員が大きな作業負担を負うことが見込まれるので、B社に20代男性の派遣を求める。","派遣労働者がA社の指揮命令に対して申し立てた苦情に自社で対応せず、その処理をB社に任せる。",60,""
応用情報技術者試験,ストラテジ系,企業と法務,法務,2024,"デジタル社会形成基本法において掲げられている 10項目の基本理念に含まれているものはどれか。","全ての国民が情報通信技術の恵みを享受できる社会の実現を目指し、情報通信技術を用いた情報の活用により信頼性のある情報の自由かつ安全な流通の確保を図ること","インターネット上での権利侵害があった場合のサービスプロバイダなどが負う責任範囲を制限し、同時に被害者が発信者情報の開示を請求できる権利を定めること","広告宣伝を目的とする電子メールの適正化のための措置を定め、電子メールの利用環境の整備を図ることにより、高度情報通信社会の健全な発展に寄与すること","全ての国民が情報通信技術の恵みを享受できる社会の実現を目指し、情報通信技術を用いた情報の活用により信頼性のある情報の自由かつ安全な流通の確保を図ること","通信販売などの取引を公正にし、購入者等が受ける損害の防止を図り、購入者等の利益を保護することにより、国民経済の健全な発展に寄与すること",60,""
応用情報技術者試験,テクノロジ系,基礎理論,基礎理論,2023,"2桁の2進数x1x2が表す整数をxとする。2進数 x2x1 が表す整数を、xの式で表したものはどれか。ここで、int(r) は非負の実数の小数点以下を切り捨てた整数を表す。","2x - 3*int(x/2)","2x + 4*int(x/2)","2x + 5*int(x/2)","2x - 3*int(x/2)","2x - 4*int(x/2)",60,""
応用情報技術者試験,テクノロジ系,基礎理論,基礎理論,2023,"複数の変数をもつデータに対する分析手法の記述のうち、主成分分析はどれか。","変数を統合した新たな変数を使用して、データがもつ変数の数を減らす方法","変数に共通して影響を与える新たな変数を計算して、データの背後にある構造を取得する方法","変数の値からほかの変数の値を予測して、データがもつ変数間の関連性を確認する方法","変数の値が互いに類似するものを集めることによって、データを分類する方法","変数を統合した新たな変数を使用して、データがもつ変数の数を減らす方法",60,""
応用情報技術者試験,テクノロジ系,基礎理論,基礎理論,2023,"逆ポーランド表記法(後置記法)で表現されている式 ABCD-×+において, A=16, B=8, C=4, D=2のときの演算結果はどれか。逆ポーランド表記法による式AB+は、中置記法による式A+Bと同一である。","32","32","46","48","94",60,""
応用情報技術者試験,テクノロジ系,基礎理論,基礎理論,2023,"<p>図のように16ビットのデータを4×4の正方形状に並べ、行と列にパリティビットを付加することによって何ビットまでの誤りを訂正できるか。ここで、図の網掛け部分はパリティビットを表す。</p><img src='/images/2023r05a_ap_am_qs_4.png' alt='表' style='width: 100%; max-width: 400px; display: block; margin: 1em auto;'>","1","1","2","3","4",60,""
応用情報技術者試験,テクノロジ系,基礎理論,アルゴリズムとプログラミング,2023,"<p>双方向リストを三つの一次元配列 elem[i], next[i], prev[i]の組で実現する。双方向リストが図の状態のとき、要素Dの次に要素Cを挿入した後の next[6], prev[6]の値の組合せはどれか。ここで、双方向リストは次のように表現する。
・双方向リストの要素は、elem[i]に値、next[i]に次の要素の要素番号、prev[i]に前の要素の要素番号を設定
・双方向リストの先頭、末尾の要素番号は、それぞれ変数Head、Tailに設定
・next[i]、prev[i]の値が0である要素は、それぞれ双方向リストの末尾、先頭を表す。
・双方向リストへの要素の追加は、一次元配列の末尾に追加</p><img src='/images/2023r05a_ap_am_qs_5.png' alt='図' style='width: 100%; max-width: 400px; display: block; margin: 1em auto;'>",ウ,ア,イ,ウ,エ,60,""
応用情報技術者試験,テクノロジ系,基礎理論,アルゴリズムとプログラミング,2023,"<p>あるデータ列を整列したら状態0から順に状態1,2,...,Nへと推移した。整列に使ったアルゴリズムはどれか。</p><img src='/images/2023r05a_ap_am_qs_6.png' alt='アルゴリズム' style='width: 100%; max-width: 400px; display: block; margin: 1em auto;'>","バブルソート","クイックソート","挿入ソート","バブルソート","ヒープソート",60,""
応用情報技術者試験,テクノロジ系,基礎理論,アルゴリズムとプログラミング,2023,"JavaScript のオブジェクトの表記法などを基にして規定したものであって、“名前と値との組みの集まり”と“値の順序付きリスト”の二つの構造に基づいてオブジェクトを表現する、データ記述の仕様はどれか。","JSON","DOM","JSON","SOAP","XML",60,""
応用情報技術者試験,テクノロジ系,コンピュータシステム,コンピュータ構成要素,2023,"スマートフォンなどで高い処理性能と低消費電力の両立のために、異なる目的に適した複数の種類のコアを搭載したプロセッサはどれか。","ヘテロジニアスマルチコアプロセッサ","スーパースカラプロセッサ","ソフトコアプロセッサ","ヘテロジニアスマルチコアプロセッサ","ホモジニアスマルチコアプロセッサ",60,""
応用情報技術者試験,テクノロジ系,コンピュータシステム,コンピュータ構成要素,2023,"パイプラインの性能を向上させるための技法の一つで、分岐条件の結果が決定する前に、分岐先を予測して命令を実行するものはどれか。","投機実行","アウトオブオーダー実行","遅延分岐","投機実行","レジスタリネーミング",60,""
応用情報技術者試験,テクノロジ系,コンピュータシステム,コンピュータ構成要素,2023,"ファイルシステムをフラッシュメモリで構成するとき、ブロックごとの書換え回数を管理することによって、フラッシュメモリの寿命を延ばす技術はどれか。","ウェアレベリング","ウェアレベリング","ジャーナリング","デフラグ","ライトアンプリフィケーション",60,""
応用情報技術者試験,テクノロジ系,コンピュータシステム,コンピュータ構成要素,2023,"画面表示用フレームバッファがユニファイドメモリ方式であるシステムの特徴はどれか。","主記憶の一部を表示領域として使用する。","主記憶とは別に専用のフレームバッファをもつ。","主記憶の一部を表示領域として使用する。","シリアル接続した表示デバイスに、描画コマンドを用いて表示する。","表示リフレッシュが不要である。",60,""
応用情報技術者試験,テクノロジ系,コンピュータシステム,システム構成要素,2023,"SAN (Storage Area Network) におけるサーバとストレージの接続形態の説明として、適切なものはどれか。","ファイバチャネルなどによる専用ネットワークで接続する。","シリアルATAなどの接続方式によって内蔵ストレージとして1対1に接続する。","ファイバチャネルなどによる専用ネットワークで接続する。","プロトコルは CIFS (Common Internet File System) を使用し、LANで接続する。","プロトコルは NFS (Network File System) を使用し、LANで接続する。",60,""
応用情報技術者試験,テクノロジ系,コンピュータシステム,システム構成要素,2023,"システムの性能を向上させるための方法として、スケールアウトが適しているシステムはどれか。","参照系のトランザクションが多いので、複数のサーバで分散処理を行っているシステム","一連の大きな処理を一括して実行しなければならないので、並列処理が困難な処理が中心のシステム","参照系のトランザクションが多いので、複数のサーバで分散処理を行っているシステム","データを追加するトランザクションが多いので、データの整合性を取るためのオーバーヘッドを小さくしなければならないシステム","同一のマスターデータベースがシステム内に複数配置されているので、マスターを更新する際にはデータベース間で整合性を保持しなければならないシステム",60,""
応用情報技術者試験,テクノロジ系,コンピュータシステム,システム構成要素,2023,"IaC (Infrastructure as Code) に関する記述として、最も適切なものはどれか。","ソフトウェアによる自動実行を可能にするために、システムの構成や状態をコードに定義すること","インフラストラクチャの自律的なシステム運用を実現するために、インシデントへの対応手順をコードに定義すること","各種開発支援ツールを利用するために、ツールの連携手順をコードに定義すること","継続的インテグレーションを実現するために、アプリケーションの生成手順や試験の手順をコードに定義すること","ソフトウェアによる自動実行を可能にするために、システムの構成や状態をコードに定義すること",60,""
応用情報技術者試験,テクノロジ系,コンピュータシステム,システム構成要素,2023,"アクティブースタンバイ構成の2台のサーバから成るシステムがある。各サーバのMTBFは99時間,MTTRは10時間, フェールオーバーに要する時間は2時間であるとき、このシステムの稼働率はおよそ幾らか。ここで、二重に障害は発生しないものとする。","0.98","0.82","0.89","0.91","0.98",300,""
応用情報技術者試験,テクノロジ系,コンピュータシステム,ソフトウェア,2023,"ページング方式の仮想記憶において、あるプログラムを実行したとき、1回のページフォールトの平均処理時間は30ミリ秒であった。ページフォールト発生時の処理時間が次の条件であったとすると、ページアウトを伴わないページインだけの処理の割合は幾らか。
[ページフォールト発生時の処理時間]
(1) ページアウトを伴わない場合、ページインの処理時間は20ミリ秒である。
(2) ページアウトを伴う場合、置換えページの選択、ページアウト、ページインの合計処理時間は60ミリ秒である。","0.75","0.25","0.33","0.67","0.75",300,""
応用情報技術者試験,テクノロジ系,コンピュータシステム,ソフトウェア,2023,"<p>プリエンプティブな優先度ベースのスケジューリングで実行する二つの周期タスクA及びBがある。タスクBが周期内に処理を完了できるタスクA及びBの最大実行時間及び周期の組合せはどれか。ここで、タスク A の方がタスク Bより優先度が高く, かつ、タスク AとBの共有資源はなく、タスク切替え時間は考慮しないものとする。また、時間及び周期の単位はミリ秒とする。</p><img src='/images/2023r05a_ap_am_qs_17.png' alt='表' style='width: 100%; max-width: 400px; display: block; margin: 1em auto;'>",ア,ア,イ,ウ,エ,60,""
応用情報技術者試験,テクノロジ系,コンピュータシステム,ソフトウェア,2023,"あるコンピュータ上で、当該コンピュータとは異なる命令形式のコンピュータで実行できる目的プログラムを生成する言語処理プログラムはどれか。","クロスコンパイラ","エミュレーター","クロスコンパイラ","最適化コンパイラ","プログラムジェネレーター",60,""
応用情報技術者試験,テクノロジ系,コンピュータシステム,ソフトウェア,2023,"Linux カーネルの説明として、適切なものはどれか。","プロセス管理やメモリ管理などの、アプリケーションソフトウェアが動作するための基本機能を提供する。","CUI によるコマンド入力のためのシェルと呼ばれるソフトウェアが組み込まれていて、文字での操作が可能である。","GUI を利用できるデスクトップ環境が組み込まれていて、マウスを使った直感的な操作が可能である。","Web ブラウザ、ワープロソフト、表計算ソフトなどが含まれており, Linux カーネルだけで多くの業務が行える。","プロセス管理やメモリ管理などの、アプリケーションソフトウェアが動作するための基本機能を提供する。",60,""
応用情報技術者試験,テクノロジ系,コンピュータシステム,ハードウェア,2023,"FPGAの説明として、適切なものはどれか。","論理回路を基板上に実装した後で再プログラムできる集積回路","電気的に記憶内容の書換えを行うことができる不揮発性メモリ","特定の分野及びアプリケーション用に限定した特定用途向け汎用集積回路","浮動小数点数の演算を高速に実行する演算ユニット","論理回路を基板上に実装した後で再プログラムできる集積回路",60,""
応用情報技術者試験,テクノロジ系,コンピュータシステム,ハードウェア,2023,"MOS トランジスタの説明として、適切なものはどれか。","金属と半導体との間に酸化物絶縁体を挟んだ構造をもつことが特徴の半導体素子","pn 接合における電子と正孔の再結合によって光を放出するという性質を利用した半導体素子","pn 接合部に光が当たると電流が発生するという性質を利用した半導体素子","金属と半導体との間に酸化物絶縁体を挟んだ構造をもつことが特徴の半導体素子","逆方向電圧をある電圧以上印加すると、電流だけが増加し電圧がほぼ一定に保たれるという特性をもつ半導体素子",60,""
応用情報技術者試験,テクノロジ系,コンピュータシステム,ハードウェア,2023,"<p>図の論理回路において, S=1, R=1, X=0, Y=1のとき、Sを一旦0にした後、再び1に戻した。この操作を行った後のX, Yの値はどれか。</p><img src='/images/2023r05a_ap_am_qs_22.png' alt='図' style='width: 100%; max-width: 400px; display: block; margin: 1em auto;'>","X=1, Y=0","X=0, Y=0","X=0, Y=1","X=1, Y=0","X=1, Y=1",300,""
応用情報技術者試験,テクノロジ系,コンピュータシステム,ハードウェア,2023,"<p>真理値表に示す3入力多数決回路はどれか。</p><img src='/images/2023r05a_ap_am_qs_23.png' alt='表' style='width: 100%; max-width: 400px; display: block; margin: 1em auto;'>",ア,ア,イ,ウ,エ,300,""
応用情報技術者試験,テクノロジ系,技術要素,ユーザーインターフェース,2023,"JIS X 9303-1:2006（ユーザシステムインタフェース及びシンボル-アイコン及び機能-アイコン一般）で規定されているアイコンの習得性の説明はどれか。","アイコンによって表現されたシステム機能が、それが理解された後に、どれだけ容易に思い出すことができるかを示す。","アイコンによって表現されたシステム機能が、それが理解された後に、どれだけ容易に思い出すことができるかを示す。","アイコンの図柄の詳細を、どれだけ容易に区別できるかを示す。","同じ又は類似したアイコンによる以前の経験に基づいて、どれだけ容易にアイコンを識別できるかを示す。","空間的,時間的又は文脈的に近くに表示された別のアイコンから、与えられたアイコンをどれだけ容易に区別できるかを示す。",60,""
応用情報技術者試験,テクノロジ系,技術要素,情報メディア,2023,"バーチャルリアリティに関する記述のうち、レンダリングの説明はどれか。","仮想世界の情報をディスプレイに描画可能な形式の画像に変換する処理","ウェアラブルカメラ、慣性センサーなどを用いて非言語情報を認識する処理","仮想世界の情報をディスプレイに描画可能な形式の画像に変換する処理","視覚的に現実世界と仮想世界を融合させるために、それぞれの世界の中に定義された3次元座標を一致させる処理","時間経過とともに生じる物の移動などの変化について、モデル化したものを物理法則などに当てはめて変化させる処理",60,""
応用情報技術者試験,テクノロジ系,技術要素,データベース,2023,"“売上”表への次の検索処理のうち、B^+木インデックスよりもハッシュインデックスを設定した方が適切なものはどれか。ここで、インデックスを設定する列を＜＞内に示す。
売上（伝票番号, 売上年月日, 商品名, 利用者ID, 店舗番号, 売上金額）","利用者IDが '1001' の売上を検索する。＜利用者ID＞","売上金額が1万円以上の売上を検索する。＜売上金額＞","売上年月日が今月の売上を検索する。＜売上年月日＞","商品名が 'DB' で始まる売上を検索する。＜商品名＞","利用者IDが '1001' の売上を検索する。＜利用者ID＞",60,""
応用情報技術者試験,テクノロジ系,技術要素,データベース,2023,"関係モデルにおける外部キーの説明として、適切なものはどれか。","ある関係の候補キーを参照する属性、又は属性の組","ある関係の候補キーを参照する属性、又は属性の組","主キー以外で、タプルを一意に識別できる属性,又は属性の組","タプルを一意に識別できる属性、又は属性の組の集合のうち極小のもの","タプルを一意に識別できる属性、又は属性の組を含む集合",60,""
応用情報技術者試験,テクノロジ系,技術要素,データベース,2023,"更新可能なビューを作成する SQL 文はどれか。ここで、SQL文中に現れる基底表は全て更新可能とする。","CREATE VIEW 高額商品(商品番号, 商品名, 商品単価) AS SELECT 商品番号, 商品名, 商品単価 FROM 商品 WHERE 商品単価 > 1000","CREATE VIEW 高額商品(商品番号, 商品名, 商品単価) AS SELECT 商品番号, 商品名, 商品単価 FROM 商品 WHERE 商品単価 > 1000","CREATE VIEW 受注商品(商品番号) AS SELECT DISTINCT 商品番号 FROM 受注","CREATE VIEW 商品受注(商品番号, 受注数量) AS SELECT 商品番号, SUM(受注数量) FROM 受注 GROUP BY 商品番号","CREATE VIEW 商品平均受注数量(平均受注数量) AS SELECT AVG(受注数量) FROM 受注",60,""
応用情報技術者試験,テクノロジ系,技術要素,データベース,2023,"<p>“製品”表と“在庫”表に対し、次のSQL文を実行した結果として得られる表の行数は幾つか。</p><img src='/images/2023r05a_ap_am_qs_29.png' alt='表' style='width: 100%; max-width: 400px; display: block; margin: 1em auto;'>","2","1","2","3","4",60,""
応用情報技術者試験,テクノロジ系,技術要素,データベース,2023,"<p>DBMS をシステム障害発生後に再立上げするとき、ロールフォワードすべきトランザクションとロールバックすべきトランザクションの組合せとして、適切なものはどれか。ここで、トランザクションの中で実行される処理内容は次のとおりとする。</p><img src='/images/2023r05a_ap_am_qs_30.png' alt='表' style='width: 100%; max-width: 400px; display: block; margin: 1em auto;'>",ア,ア,イ,ウ,エ,60,""
応用情報技術者試験,テクノロジ系,技術要素,ネットワーク,2023,"100Mビット/秒のLANを使用し、1件のレコード長が1,000 バイトの電文を1,000件連続して伝送するとき、伝送時間は何秒か。ここで、LANの伝送効率は50%とする。","0.16","0.02","0.08","0.16","1.6",300,""
応用情報技術者試験,テクノロジ系,技術要素,ネットワーク,2023,"<p>プライベート IP アドレスを割り当てられたPCが NAPT (IPマスカレード) 機能をもつルータを経由して、インターネット上の Web サーバにアクセスしている。WebサーバからPCへの応答パケットに含まれるヘッダー情報のうち、このルータで書き換えられるフィールドの組合せとして、適切なものはどれか。ここで、表中の◯はフィールドの情報が書き換えられることを表す。</p><img src='/images/2023r05a_ap_am_qs_32.png' alt='表' style='width: 100%; max-width: 400px; display: block; margin: 1em auto;'>",イ,ア,イ,ウ,エ,60,""
応用情報技術者試験,テクノロジ系,技術要素,ネットワーク,2023,"TCP/IP 環境において, ping によってホストの接続確認をするときに使用されるプロトコルはどれか。","ICMP","CHAP","ICMP","SMTP","SNMP",60,""
応用情報技術者試験,テクノロジ系,技術要素,ネットワーク,2023,"サブネットマスクが255.255.252.0のとき、IP アドレス 172.30.123.45 のホストが属するサブネットワークのアドレスはどれか。","172.30.120.0","172.30.3.0","172.30.120.0","172.30.123.0","172.30.252.0",60,""
応用情報技術者試験,テクノロジ系,技術要素,ネットワーク,2023,"IPv4 ネットワークにおけるマルチキャストの使用例に関する記述として、適切なものはどれか。","ルータがRIP-2 プロトコルを使用して、隣接するルータのグループに、経路の更新情報を送信する際に使用する。","LAN に初めて接続するPCが、DHCP プロトコルを使用して、自分自身に割り当てられる IP アドレスを取得する際に使用する。","ネットワーク機器が、ARP プロトコルを使用して、宛先IPアドレスから MAC アドレスを得るためのリクエストを送信する際に使用する。","メーリングリストの利用者が、SMTP プロトコルを使用して、メンバー全員に対し、同一内容の電子メールを一斉送信する際に使用する。","ルータがRIP-2 プロトコルを使用して、隣接するルータのグループに、経路の更新情報を送信する際に使用する。",60,""
応用情報技術者試験,テクノロジ系,技術要素,セキュリティ,2023,"パスワードクラック手法の一種である、レインボーテーブル攻撃に該当するものはどれか。","平文のパスワードとハッシュ値をチェーンによって管理するテーブルを準備しておき、それを用いて、不正に入手したハッシュ値からパスワードを解読する。","何らかの方法で事前に利用者 ID と平文のパスワードのリストを入手しておき、複数のシステム間で使い回されている利用者 ID とパスワードの組みを狙って、ログインを試行する。","パスワードに成り得る文字列の全てを用いて、総当たりでログインを試行する。","平文のパスワードとハッシュ値をチェーンによって管理するテーブルを準備しておき、それを用いて、不正に入手したハッシュ値からパスワードを解読する。","利用者の誕生日,電話番号などの個人情報を言葉巧みに聞き出して、パスワードを類推する。",60,""
応用情報技術者試験,テクノロジ系,技術要素,セキュリティ,2023,"楕円曲線暗号の特徴はどれか。","RSA 暗号と比べて、短い鍵長で同レベルの安全性が実現できる。","RSA 暗号と比べて、短い鍵長で同レベルの安全性が実現できる。","共通鍵暗号方式であり、暗号化や復号の処理を高速に行うことができる。","総当たりによる解読が不可能なことが、数学的に証明されている。","データを秘匿する目的で用いる場合、復号鍵を秘密にしておく必要がない。",60,""
応用情報技術者試験,テクノロジ系,技術要素,セキュリティ,2023,"<p>自社の中継用メールサーバで、接続元 IP アドレス、電子メールの送信者のメールアドレスのドメイン名、及び電子メールの受信者のメールアドレスのドメイン名から成るログを取得するとき、外部ネットワークからの第三者中継と判断できるログはどれか。ここで、AAA.168.1.5とAAA.168.1.10は自社のグローバルIPアドレスとし、BBB.45.67.89とBBB.45.67.90は社外のグローバルIPアドレスとする。a.b.cは自社のドメイン名とし、a.b.dとa.b.eは他社のドメイン名とする。また、IPアドレスとドメイン名は詐称されていないものとする。</p><img src='/images/2023r05a_ap_am_qs_38.png' alt='表' style='width: 100%; max-width: 400px; display: block; margin: 1em auto;'>",ウ,ア,イ,ウ,エ,60,""
応用情報技術者試験,テクノロジ系,技術要素,セキュリティ,2023,"<p>JPCERT コーディネーションセンター “CSIRT ガイド(2021年11月30日)”では、CSIRTを機能とサービス対象によって六つに分類しており、その一つにコーディネーションセンターがある。コーディネーションセンターの機能とサービス対象の組合せとして、適切なものはどれか。</p><img src='/images/2023r05a_ap_am_qs_39.png' alt='表' style='width: 100%; max-width: 400px; display: block; margin: 1em auto;'>",ア,ア,イ,ウ,エ,60,""
応用情報技術者試験,テクノロジ系,技術要素,セキュリティ,2023,"JIS Q 27000:2019(情報セキュリティマネジメントシステム-用語)において、認可されていない個人、エンティティ又はプロセスに対して、情報を使用させず、また、開示しない特性として定義されているものはどれか。","機密性","機密性","真正性","認証","否認防止",60,""
応用情報技術者試験,テクノロジ系,技術要素,セキュリティ,2023,"暗号機能を実装した IoT 機器における脅威のうち、サイドチャネル攻撃に該当するものはどれか。","機器が発する電磁波を測定することによって秘密情報の取得を試みる。","暗号化関数を線形近似する式を導き、その線形近似式から秘密情報の取得を試みる。","機器が発する電磁波を測定することによって秘密情報の取得を試みる。","二つの平文の差とそれぞれの暗号文の差の関係から、秘密情報の取得を試みる。","理論的にあり得る復号鍵の全てを機器に入力して秘密情報の取得を試みる。",60,""
応用情報技術者試験,テクノロジ系,技術要素,セキュリティ,2023,"セキュアブートの説明はどれか。","PCの起動時にOSのプログラムやドライバのデジタル署名を検証し、デジタル署名が有効なものだけを実行することによって, OS 起動完了前のマルウェアの実行を防ぐ技術","BIOS にパスワードを設定し、PC起動時にBIOSのパスワード入力を要求することによって、OSの不正な起動を防ぐ技術","HDD 又は SSDにパスワードを設定し、PC起動時にHDD 又は SSDのパスワード入力を要求することによって、OSの不正な起動を防ぐ技術","PCの起動時にOSのプログラムやドライバのデジタル署名を検証し、デジタル署名が有効なものだけを実行することによって, OS 起動完了前のマルウェアの実行を防ぐ技術","マルウェア対策ソフトを OS のスタートアッププログラムに登録し、OS 起動時に自動的にマルウェアスキャンを行うことによって、マルウェアの被害を防ぐ技術",60,""
応用情報技術者試験,テクノロジ系,技術要素,セキュリティ,2023,"PC のストレージ上の重要なデータを保護する方法のうち、ランサムウェア感染による被害の低減に効果があるものはどれか。","WORM (Write Once Read Many) 機能を有するストレージを導入して、そこに重要なデータをバックアップする。","WORM (Write Once Read Many) 機能を有するストレージを導入して、そこに重要なデータをバックアップする。","ストレージを RAID5 構成にして、1台のディスク故障時にも重要なデータを利用可能にする。","内蔵ストレージを増設して、重要なデータを常時レプリケーションする。","ネットワーク上のストレージの共有フォルダをネットワークドライブに割り当てて、そこに重要なデータをバックアップする。",60,""
応用情報技術者試験,テクノロジ系,技術要素,セキュリティ,2023,"DKIM (DomainKeys Identified Mail) に関する記述のうち、適切なものはどれか。","送信側のメールサーバで電子メールにデジタル署名を付与し、受信側のメールサーバでそのデジタル署名を検証して送信元ドメインの認証を行う。","送信側のメールサーバで電子メールにデジタル署名を付与し、受信側のメールサーバでそのデジタル署名を検証して送信元ドメインの認証を行う。","送信者が電子メールを送信するとき、送信側のメールサーバは、送信者が正規の利用者かどうかの認証を利用者 IDとパスワードによって行う。","送信元ドメイン認証に失敗した際の電子メールの処理方法を記載したポリシーをDNS サーバに登録し、電子メールの認証結果を監視する。","電子メールの送信元ドメインでメール送信に使うメールサーバの IP アドレスをDNS サーバに登録しておき、受信側で送信元ドメインの DNS サーバに登録されているIPアドレスと電子メールの送信元メールサーバのIPアドレスとを照合する。",60,""
応用情報技術者試験,テクノロジ系,技術要素,セキュリティ,2023,"DNSSEC についての記述のうち、適切なものはどれか。","公開鍵暗号方式によるデジタル署名を用いることによって、正当な DNS サーバからの応答であることをクライアントが検証できる。","DNS サーバへの問合せ時の送信元ポート番号をランダムに選択することによって、DNS 問合せへの不正な応答を防止する。","DNS の再帰的な問合せの送信元として許可するクライアントを制限することによって、DNSを悪用したDoS攻撃を防止する。","共通鍵暗号方式によるメッセージ認証を用いることによって、正当な DNS サーバからの応答であることをクライアントが検証できる。","公開鍵暗号方式によるデジタル署名を用いることによって、正当な DNS サーバからの応答であることをクライアントが検証できる。",60,""
応用情報技術者試験,テクノロジ系,技術要素,セキュリティ,2023,"問題を引き起こす可能性があるデータを大量に入力し、そのときの応答や挙動を監視することによって、ソフトウェアの脆弱性を検出するテスト手法はどれか。","ファジング","限界値分析","実験計画法","ファジング","ロードテスト",60,""
応用情報技術者試験,テクノロジ系,開発技術,ソフトウェア開発管理技術,2023,"アプリケーションソフトウェアの開発環境上で、用意された部品やテンプレートをGUI による操作で組み合わせたり、必要に応じて一部の処理のソースコードを記述したりして、ソフトウェアを開発する手法はどれか。","ローコード開発","継続的インテグレーション","ノーコード開発","プロトタイピング","ローコード開発",60,""
応用情報技術者試験,テクノロジ系,開発技術,システム開発技術,2023,"問題は発生していないが、プログラムの仕様書と現状のソースコードとの不整合を解消するために、リバースエンジニアリングの手法を使って仕様書を作成し直す。これはソフトウェア保守のどの分類に該当するか。","完全化保守","完全化保守","是正保守","適応保守","予防保守",60,""
応用情報技術者試験,テクノロジ系,開発技術,ソフトウェア開発管理技術,2023,"アジャイルソフトウェア開発宣言では、“あることがらに価値があることを認めながらも別のことがらにより価値をおく”としている。“別のことがら”に該当するものの組みはどれか。","個人と対話、動くソフトウェア、顧客との協調、変化への対応","個人と対話、動くソフトウェア、顧客との協調、変化への対応","個人と対話、包括的なドキュメント、顧客との協調、計画に従うこと","プロセスやツール、動くソフトウェア、契約交渉,変化への対応","プロセスやツール、包括的なドキュメント、契約交渉、計画に従うこと",60,""
応用情報技術者試験,テクノロジ系,開発技術,ソフトウェア開発管理技術,2023,"組込みシステムのソフトウェア開発に使われる IDEの説明として、適切なものはどれか。","エディター、コンパイラ、リンカ、デバッガなどが一体となったツール","エディター、コンパイラ、リンカ、デバッガなどが一体となったツール","専用のハードウェアインタフェースでCPUの情報を取得する装置","ターゲットCPUを搭載した評価ボードなどの実行環境","タスクスケジューリングの仕組みなどを提供するソフトウェア",60,""
応用情報技術者試験,マネジメント系,プロジェクトマネジメント,プロジェクトマネジメント,2023,"PMBOK ガイド第7版によれば、プロジェクト・スコープ記述書に記述する項目はどれか。","プロジェクトの除外事項","WBS","コスト見積額","ステークホルダー分類","プロジェクトの除外事項",60,""
応用情報技術者試験,マネジメント系,プロジェクトマネジメント,プロジェクトマネジメント,2023,"システム開発のプロジェクトにおいて、EVM を活用したパフォーマンス管理をしている。開発途中のある時点で EV-PV の値が負であるとき、どのような状況を示しているか。","プロジェクトの進捗が、計画よりも遅れている。","スケジュール効率が、計画よりも良い。","プロジェクトの完了が、計画よりも遅くなる。","プロジェクトの進捗が、計画よりも遅れている。","プロジェクトの進捗が、計画よりも進んでいる。",60,""
応用情報技術者試験,マネジメント系,プロジェクトマネジメント,プロジェクトマネジメント,2023,"<p>プロジェクトのスケジュールを短縮したい。当初の計画は図1のとおりである。作業Eを作業 E1, E2, E3 に分けて、図2のとおりに計画を変更すると、スケジュールは全体で何日短縮できるか。</p><img src='/images/2023r05a_ap_am_qs_53.png' alt='図' style='width: 100%; max-width: 400px; display: block; margin: 1em auto;'>","1","1","2","3","4",300,""
応用情報技術者試験,マネジメント系,プロジェクトマネジメント,プロジェクトマネジメント,2023,"プロジェクトマネジメントにおいて、コンティンジェンシー計画を作成するプロセスはどれか。","リスクへの対応","リスクの管理","リスクの特定","リスクの評価","リスクへの対応",60,""
応用情報技術者試験,マネジメント系,サービスマネジメント,サービスマネジメント,2023,"サービスマネジメントシステム (SMS) における是正処置の説明はどれか。","検出された不適合又はほかの望ましくない状況の原因を除去する、又は再発の起こりやすさを低減するための処置","検出された不適合又はほかの望ましくない状況の原因を除去する、又は再発の起こりやすさを低減するための処置","構成品目の変更の展開に伴って、構成情報を更新する処置","パフォーマンスを向上するために繰り返し行われる活動であって, SMS 及びサービスの適切性、妥当性及び有効性を継続的に改善するための処置","問題を“記録・分類”し、“優先度付け”し、“必要ならばエスカレーション”し、“可能ならば解決する”一連の処置",60,""
応用情報技術者試験,マネジメント系,サービスマネジメント,サービスマネジメント,2023,"Y社は、受注管理システムを運用し、顧客に受注管理サービスを提供している。日数が30日、月曜日の回数が4回である月において、サービス提供条件を達成するために許容されるサービスの停止時間は最大何時間か。ここで、サービスの停止時間は、小数第1位を切り捨てるものとする。
[サービス提供条件]
・サービスは、計画停止時間を除いて、毎日0時から24時まで提供する。
・計画停止は、毎週月曜日の0時から6時まで実施する。
・サービスの可用性は99%以上とする。","6","2","6","7","13",300,""
応用情報技術者試験,マネジメント系,サービスマネジメント,サービスマネジメント,2023,"フルバックアップ方式と差分バックアップ方式とを用いた運用に関する記述のうち、適切なものはどれか。","フルバックアップのデータで復元した後に、差分バックアップのデータを反映させて復旧する。","障害からの復旧時に差分バックアップのデータだけ処理すればよいので、フルバックアップ方式に比べ、差分バックアップ方式は復旧時間が短い。","フルバックアップのデータで復元した後に、差分バックアップのデータを反映させて復旧する。","フルバックアップ方式と差分バックアップ方式とを併用して運用することはできない。","フルバックアップ方式に比べ、差分バックアップ方式はバックアップに要する時間が長い。",60,""
応用情報技術者試験,マネジメント系,サービスマネジメント,システム監査,2023,"システム監査人が作成する監査調書に関する記述として、適切なものはどれか。","監査調書は、監査の結論を支える合理的な根拠とするために、発見した事実及び発見事実に関する所見を記載する。","監査調書の作成は任意であり、作成しなくても問題はない。","監査調書は、監査人自身の行動記録であり、監査チーム内でも他の監査人と共有すべきではない。","監査調書は、監査の結論を支える合理的な根拠とするために、発見した事実及び発見事実に関する所見を記載する。","監査調書は、保管の必要がない監査人の備忘録である。",60,""
応用情報技術者試験,マネジメント系,サービスマネジメント,システム監査,2023,"販売管理システムにおいて、起票された受注伝票の入力が、漏れなく、かつ、重複することなく実施されていることを確かめる監査手続として、適切なものはどれか。","販売管理システムから出力したプルーフリストと受注伝票との照合が行われているか、プルーフリストと受注伝票上の照合印を確かめる。","受注データから値引取引データなどの例外取引データを抽出し、承認の記録を確かめる。","受注伝票の入力時に論理チェック及びフォーマットチェックが行われているか、テストデータ法で確かめる。","販売管理システムから出力したプルーフリストと受注伝票との照合が行われているか、プルーフリストと受注伝票上の照合印を確かめる。","並行シミュレーション法を用いて、受注伝票を処理するプログラムの論理の正確性を確かめる。",60,""
応用情報技術者試験,マネジメント系,サービスマネジメント,システム監査,2023,"金融庁“財務報告に係る内部統制の評価及び監査に関する実施基準(令和元年)”における“ITへの対応”に関する記述のうち、適切なものはどれか。","ITの統制は、ITに係る全般統制及びITに係る業務処理統制から成る。","IT環境とは、企業内部に限られた範囲でのITの利用状況である。","ITの統制は、ITに係る全般統制及びITに係る業務処理統制から成る。","IT の利用によって統制活動を自動化している場合、当該統制活動は有効であると評価される。","IT を利用せず手作業だけで内部統制を運用している場合、直ちに内部統制の不備となる。",60,""
応用情報技術者試験,ストラテジ系,経営戦略,技術戦略マネジメント,2023,"バックキャスティングの説明として、適切なものはどれか。","前提として認識すべき制約を受け入れた上で未来のありたい姿を描き、予想される課題や可能性を洗い出し解決策を検討することによって、ありたい姿に近づける思考方法","システム開発において、先にプロジェクト要員を確定し、リソースの範囲内で優先すべき機能から順次提供する開発手法","前提として認識すべき制約を受け入れた上で未来のありたい姿を描き、予想される課題や可能性を洗い出し解決策を検討することによって、ありたい姿に近づける思考方法","組織において、下位から上位への発議を受け付けて経営の意思決定に反映するマネジメント手法","投資戦略の有効性を検証する際に、過去のデータを用いてどの程度の利益が期待できるかをシミュレーションする手法",60,""
応用情報技術者試験,ストラテジ系,システム戦略,システム戦略,2023,"A社は、ソリューションプロバイダから、顧客に対するワントゥワンマーケティングを実現する統合的なソリューションの提案を受けた。この提案に該当するソリューションとして、最も適切なものはどれか。","CRMソリューション","CRMソリューション","HRM ソリューション","SCM ソリューション","財務管理ソリューション",60,""
応用情報技術者試験,ストラテジ系,システム戦略,システム戦略,2023,"SOAを説明したものはどれか。","ビジネスプロセスの構成要素とそれを支援する IT 基盤を、ソフトウェア部品であるサービスとして提供するシステムアーキテクチャのこと","企業改革において既存の組織やビジネスルールを抜本的に見直し、業務フロー, 管理機構及び情報システムを再構築する手法のこと","企業の経営資源を有効に活用して経営の効率を向上させるために、基幹業務を部門ごとではなく統合的に管理するための業務システムのこと","発注者と IT アウトソーシングサービス提供者との間で、サービスの品質について合意した文書のこと","ビジネスプロセスの構成要素とそれを支援する IT 基盤を、ソフトウェア部品であるサービスとして提供するシステムアーキテクチャのこと",60,""
応用情報技術者試験,ストラテジ系,システム戦略,システム企画,2023,"IT 投資効果の評価方法において、キャッシュフローベースで初年度の投資によるキャッシュアウトを何年後に回収できるかという指標はどれか。","PBP (Pay Back Period)","IRR (Internal Rate of Return)","NPV (Net Present Value)","PBP (Pay Back Period)","ROI (Return On Investment)",60,""
応用情報技術者試験,ストラテジ系,システム戦略,システム戦略,2023,"システム開発の成果物が利害関係者の要件(要求事項)を満たしているという客観的な証拠を得るための検証手法として、JIS X 0166:2021(システム及びソフトウェア技術-ライフサイクルプロセス-要求エンジニアリング)では、インスペクション、分析又はシミュレーション、デモンストレーション、テストを挙げている。これらのうち、成果物となる文書について要件(要求事項)への遵守度合いを検査するものはどれか。","インスペクション","インスペクション","テスト","デモンストレーション","分析又はシミュレーション",60,""
応用情報技術者試験,ストラテジ系,システム戦略,システム企画,2023,"半導体メーカーが行っているファウンドリーサービスの説明として、適切なものはどれか。","他社からの製造委託を受けて、半導体製品の製造を行う。","商号や商標の使用権とともに、一定地域内での商品の独占販売権を与える。","自社で半導体製品の企画、設計から製造までを一貫して行い、それを自社ブランドで販売する。","製造設備をもたず、半導体製品の企画、設計及び開発を専門に行う。","他社からの製造委託を受けて、半導体製品の製造を行う。",60,""
応用情報技術者試験,ストラテジ系,経営戦略,経営戦略マネジメント,2023,"H. I. アンゾフが提唱した成長マトリクスを説明したものはどれか。","既存製品か新製品かという製品軸と既存市場か新市場かという市場軸の両軸で捉え,事業成長戦略を考える。","既存製品か新製品かという製品軸と既存市場か新市場かという市場軸の両軸で捉え,事業成長戦略を考える。","コストで優位に立つかコスト以外で差別化するか、ターゲットを広くするか集中するかによって戦略を考える。","市場成長率が高いか低いか、相対的市場シェアが大きいか小さいかによって事業を捉え、資源配分の戦略を考える。","自社の内部環境の強みと弱み、取り巻く外部環境の機会と脅威を抽出し、取組方針を整理して戦略を考える。",60,""
応用情報技術者試験,ストラテジ系,経営戦略,経営戦略マネジメント,2023,"顧客から得る同意の範囲を段階的に広げながら、プロモーションを行うことが特徴的なマーケティング手法はどれか。","パーミッションマーケティング","アフィリエイトマーケティング","差別型マーケティング","パーミッションマーケティング","バイラルマーケティング",60,""
応用情報技術者試験,ストラテジ系,経営戦略,経営戦略マネジメント,2023,"市場を消費者特性でセグメント化する際に、基準となる変数を、地理的変数,人口統計的変数,心理的変数,行動的変数に分類するとき、人口統計的変数に分類されるものはどれか。","職業","社交性などの性格","職業","人口密度","製品の使用割合",60,""
応用情報技術者試験,ストラテジ系,経営戦略,技術戦略マネジメント,2023,"オープンイノベーションの説明として、適切なものはどれか。","自社と外部組織の技術やアイディアなどを組み合わせることで創出した価値を、さらに外部組織へ提供する。","外部の企業に製品開発の一部を任せることで、短期間で市場へ製品を投入する。","顧客に提供する製品やサービスを自社で開発することで、新たな価値を創出する。","自社と外部組織の技術やアイディアなどを組み合わせることで創出した価値を、さらに外部組織へ提供する。","自社の業務の工程を見直すことで、生産性向上とコスト削減を実現する。",60,""
応用情報技術者試験,ストラテジ系,経営戦略,ビジネスインダストリ,2023,"CPS (サイバーフィジカルシステム)を活用している事例はどれか。","現実世界の都市の構造や活動状況のデータによって仮想世界を構築し、災害の発生や時間軸を自由に操作して、現実世界では実現できないシミュレーションを行う。","仮想化された標準的なシステム資源を用意しておき、業務内容に合わせてシステムの規模や構成をソフトウェアによって設定する。","機器を販売するのではなく貸し出し、その機器に組み込まれたセンサーで使用状況を検知し、その情報を基に利用者から利用料金を徴収する。","業務処理機能やデータ蓄積機能をサーバにもたせ、クライアント側はネットワーク接続と最小限の入出力機能だけをもたせてデスクトップの仮想化を行う。","現実世界の都市の構造や活動状況のデータによって仮想世界を構築し、災害の発生や時間軸を自由に操作して、現実世界では実現できないシミュレーションを行う。",60,""
応用情報技術者試験,ストラテジ系,経営戦略,ビジネスインダストリ,2023,"個人が、インターネットを介して提示された単発の仕事を受託する働き方や、それによって形成される経済形態を表すものはどれか。","ギグエコノミー","API エコノミー","ギグエコノミー","シャドーエコノミー","トークンエコノミー",60,""
応用情報技術者試験,ストラテジ系,経営戦略,ビジネスインダストリ,2023,"スマートファクトリーで使用される AI を用いたマシンビジョンの目的として、適切なものはどれか。","従来の人間の目視検査を自動化し、検査効率を向上させる。","作業者が装着した VR ゴーグルに作業プロセスを表示することによって、作業効率を向上させる。","従来の人間の目視検査を自動化し、検査効率を向上させる。","需要予測を目的として、クラウドに蓄積した入出荷データを用いて機械学習を行い、生産数の最適化を行う。","設計変更内容を AIを用いて吟味して、製造現場に正確に伝達する。",60,""
応用情報技術者試験,ストラテジ系,企業と法務,企業活動,2023,"BCM (Business Continuity Management) において考慮すべきレジリエンスの説明はどれか。","不測の事態が生じた場合の組織的対応力や、支障が生じた事業を復元させる力","競争力の源泉となる、他社に真似のできない自社固有の強み","想定される全てのリスクを回避して事業継続を行う方針","大規模災害などの発生時に事業の継続を可能とするために事前に策定する計画","不測の事態が生じた場合の組織的対応力や、支障が生じた事業を復元させる力",60,""
応用情報技術者試験,ストラテジ系,企業と法務,企業活動,2023,"リーダーシップ論のうち、 F. E. フィードラーが提唱するコンティンジェンシー理論の特徴はどれか。","リーダーシップの有効性は、リーダーがもつパーソナリティと、リーダーがどれだけ統制力や影響力を行使できるかという状況要因に依存するとしている。","優れたリーダーシップを発揮する、リーダー個人がもつ性格、知性、外観などの個人的資質の分析に焦点を当てている。","リーダーシップのスタイルについて、目標達成能力と集団維持能力の二つの次元に焦点を当てている。","リーダーシップの有効性は、部下の成熟 (自律性)の度合いという状況要因に依存するとしている。","リーダーシップの有効性は、リーダーがもつパーソナリティと、リーダーがどれだけ統制力や影響力を行使できるかという状況要因に依存するとしている。",60,""
応用情報技術者試験,ストラテジ系,企業と法務,企業活動,2023,"発生した故障について、発生要因ごとの件数の記録を基に、故障発生件数で上位を占める主な要因を明確に表現するのに適している図法はどれか。","パレート図","特性要因図","パレート図","マトリックス図","連関図",60,""
応用情報技術者試験,ストラテジ系,企業と法務,企業活動,2023,"取得原価30万円のPCを2年間使用した後、廃棄処分し、廃棄費用2万円を現金で支払った。このときの固定資産の除却損は廃棄費用も含めて何万円か。ここで、耐用年数は4年、減価償却方法は定額法、定額法の償却率は0.250、残存価額は0円とする。","17.0","9.5","13.0","15.0","17.0",60,""
応用情報技術者試験,ストラテジ系,企業と法務,法務,2023,"プログラムの著作物について、著作権法上、適法である行為はどれか。","処理速度を向上させるために、購入したプログラムを改変した。","海賊版を複製したプログラムと事前に知りながら入手し、業務で使用した。","業務処理用に購入したプログラムを複製し、社内教育用として各部門に配布した。","職務著作のプログラムを、作成した担当者が独断で複製し、他社に貸与した。","処理速度を向上させるために、購入したプログラムを改変した。",60,""
応用情報技術者試験,ストラテジ系,企業と法務,法務,2023,"匿名加工情報取扱事業者が、適正な匿名加工を行った匿名加工情報を第三者提供する際の義務として、個人情報保護法に規定されているものはどれか。","第三者に提供される匿名加工情報に含まれる個人に関する情報の項目及び提供方法を公表しなければならない。","第三者に提供される匿名加工情報に含まれる個人に関する情報の項目及び提供方法を公表しなければならない。","第三者へ提供した場合は、速やかに個人情報保護委員会へ提供した内容を報告しなければならない。","第三者への提供の手段は、ハードコピーなどの物理的な媒体を用いることに限られる。","匿名加工情報であっても、第三者提供を行う際には事前に本人の承諾が必要である。",60,""
応用情報技術者試験,ストラテジ系,企業と法務,法務,2023,"<p>図は、企業と労働者の関係を表している。企業Bと労働者Cの関係に関する記述のうち、適切なものはどれか。</p><img src='/images/2023r05a_ap_am_qs_80.png' alt='図' style='width: 100%; max-width: 400px; display: block; margin: 1em auto;'>","“契約”が出向にかかわる契約で、企業Aが企業Bに労働者Cを出向させたとき、企業Bと労働者Cとの間には指揮命令関係が生じる。","“契約”が請負契約で、企業Aが受託者、企業Bが委託者であるとき、企業Bと労働者Cとの間には、指揮命令関係が生じる。","“契約”が出向にかかわる契約で、企業Aが企業Bに労働者Cを出向させたとき、企業Bと労働者Cとの間には指揮命令関係が生じる。","“契約”が労働者派遣契約で、企業Aが派遣元,企業Bが派遣先であるとき、企業Bと労働者Cの間にも、雇用関係が生じる。","“契約”が労働者派遣契約で、企業Aが派遣元,企業Bが派遣先であるとき、企業Bに労働者Cが出向しているといえる。",60,""